entity_id,state,last_changed
sensor.ups_monitor_voltage_slope,0.058898564428091,2026-05-06T04:00:00.000Z
sensor.ups_monitor_voltage_slope,-0.311523675918579,2026-05-06T04:00:41.006Z
sensor.ups_monitor_voltage_slope,0.147317349910736,2026-05-06T04:01:41.107Z
sensor.ups_monitor_voltage_slope,0.270993947982788,2026-05-06T04:02:41.108Z
sensor.ups_monitor_voltage_slope,0.0883603394031525,2026-05-06T04:03:41.107Z
sensor.ups_monitor_voltage_slope,0.145219936966896,2026-05-06T04:04:41.108Z
sensor.ups_monitor_voltage_slope,0.0072748064994812,2026-05-06T04:05:41.013Z
sensor.ups_monitor_voltage_slope,-0.0833908841013908,2026-05-06T04:06:41.014Z
sensor.ups_monitor_voltage_slope,-0.316559880971909,2026-05-06T04:07:41.014Z
sensor.ups_monitor_voltage_slope,-0.643023610115051,2026-05-06T04:08:41.109Z
sensor.ups_monitor_voltage_slope,0.369102090597153,2026-05-06T04:09:41.017Z
sensor.ups_monitor_voltage_slope,-0.197343319654465,2026-05-06T04:10:41.116Z
sensor.ups_monitor_voltage_slope,-0.128273159265518,2026-05-06T04:11:41.115Z
sensor.ups_monitor_voltage_slope,0.353882133960724,2026-05-06T04:12:41.021Z
sensor.ups_monitor_voltage_slope,0.230023384094238,2026-05-06T04:13:41.117Z
sensor.ups_monitor_voltage_slope,0.149515196681023,2026-05-06T04:14:41.033Z
sensor.ups_monitor_voltage_slope,0.0097329393029213,2026-05-06T04:15:41.027Z
sensor.ups_monitor_voltage_slope,-0.168243676424026,2026-05-06T04:16:41.120Z
sensor.ups_monitor_voltage_slope,0.0652116984128952,2026-05-06T04:17:41.124Z
sensor.ups_monitor_voltage_slope,-0.219968199729919,2026-05-06T04:18:41.027Z
sensor.ups_monitor_voltage_slope,-0.0558611750602722,2026-05-06T04:19:41.125Z
sensor.ups_monitor_voltage_slope,0.138927891850471,2026-05-06T04:20:41.129Z
sensor.ups_monitor_voltage_slope,0.178422629833221,2026-05-06T04:21:41.125Z
sensor.ups_monitor_voltage_slope,0.203092843294144,2026-05-06T04:22:41.133Z
sensor.ups_monitor_voltage_slope,0.0442246198654175,2026-05-06T04:23:41.127Z
sensor.ups_monitor_voltage_slope,-0.0583721473813057,2026-05-06T04:24:41.036Z
sensor.ups_monitor_voltage_slope,0.0491762533783913,2026-05-06T04:25:41.132Z
sensor.ups_monitor_voltage_slope,-0.142605513334274,2026-05-06T04:26:41.039Z
sensor.ups_monitor_voltage_slope,-0.443168878555298,2026-05-06T04:27:41.039Z
sensor.ups_monitor_voltage_slope,0.236985623836517,2026-05-06T04:28:41.040Z
sensor.ups_monitor_voltage_slope,0.154040649533272,2026-05-06T04:29:41.039Z
sensor.ups_monitor_voltage_slope,-0.0751112401485443,2026-05-06T04:30:41.139Z
sensor.ups_monitor_voltage_slope,0.0389634147286415,2026-05-06T04:31:41.047Z
sensor.ups_monitor_voltage_slope,0.112778156995773,2026-05-06T04:32:41.145Z
sensor.ups_monitor_voltage_slope,-0.189383789896965,2026-05-06T04:33:41.048Z
sensor.ups_monitor_voltage_slope,-0.0356475263834,2026-05-06T04:34:41.048Z
sensor.ups_monitor_voltage_slope,-0.285192906856537,2026-05-06T04:35:41.143Z
sensor.ups_monitor_voltage_slope,-0.0979234427213669,2026-05-06T04:36:41.050Z
sensor.ups_monitor_voltage_slope,0.111587420105934,2026-05-06T04:37:41.152Z
sensor.ups_monitor_voltage_slope,-0.102705836296082,2026-05-06T04:38:41.147Z
sensor.ups_monitor_voltage_slope,-0.0667587891221046,2026-05-06T04:39:41.147Z
sensor.ups_monitor_voltage_slope,0.0443925112485886,2026-05-06T04:40:41.053Z
sensor.ups_monitor_voltage_slope,0.115639492869377,2026-05-06T04:41:41.059Z
sensor.ups_monitor_voltage_slope,-0.0122862681746483,2026-05-06T04:42:41.060Z
sensor.ups_monitor_voltage_slope,-0.00731850229203701,2026-05-06T04:43:41.060Z
sensor.ups_monitor_voltage_slope,0.170146837830544,2026-05-06T04:44:41.161Z
sensor.ups_monitor_voltage_slope,0.285499304533005,2026-05-06T04:45:41.161Z
sensor.ups_monitor_voltage_slope,0.185574546456337,2026-05-06T04:46:41.166Z
sensor.ups_monitor_voltage_slope,-0.229184284806252,2026-05-06T04:47:41.167Z
sensor.ups_monitor_voltage_slope,0.113719806075096,2026-05-06T04:48:41.170Z
sensor.ups_monitor_voltage_slope,0.0732503011822701,2026-05-06T04:49:41.170Z
sensor.ups_monitor_voltage_slope,-0.0398392416536808,2026-05-06T04:50:41.074Z
sensor.ups_monitor_voltage_slope,-0.375703245401382,2026-05-06T04:51:41.173Z
sensor.ups_monitor_voltage_slope,0.0178149193525314,2026-05-06T04:52:41.076Z
sensor.ups_monitor_voltage_slope,-0.0758722350001335,2026-05-06T04:53:41.076Z
sensor.ups_monitor_voltage_slope,-0.136435091495514,2026-05-06T04:54:41.174Z
sensor.ups_monitor_voltage_slope,-0.000897087156772614,2026-05-06T04:55:41.078Z
sensor.ups_monitor_voltage_slope,-0.175820767879486,2026-05-06T04:56:41.174Z
sensor.ups_monitor_voltage_slope,-0.0268315598368645,2026-05-06T04:57:41.079Z
sensor.ups_monitor_voltage_slope,0.420152962207794,2026-05-06T04:58:41.080Z
sensor.ups_monitor_voltage_slope,0.0107436180114746,2026-05-06T04:59:41.082Z
sensor.ups_monitor_voltage_slope,0.181553438305855,2026-05-06T05:00:41.178Z
sensor.ups_monitor_voltage_slope,0.118009731173515,2026-05-06T05:01:41.180Z
sensor.ups_monitor_voltage_slope,-0.0985313355922699,2026-05-06T05:02:41.085Z
sensor.ups_monitor_voltage_slope,-0.238615453243256,2026-05-06T05:03:41.182Z
sensor.ups_monitor_voltage_slope,-0.0673143118619919,2026-05-06T05:04:41.086Z
sensor.ups_monitor_voltage_slope,-0.218991965055466,2026-05-06T05:05:41.087Z
sensor.ups_monitor_voltage_slope,0.382700622081757,2026-05-06T05:06:41.088Z
sensor.ups_monitor_voltage_slope,0.248755395412445,2026-05-06T05:07:41.094Z
sensor.ups_monitor_voltage_slope,0.16169099509716,2026-05-06T05:08:41.188Z
sensor.ups_monitor_voltage_slope,0.0173134207725525,2026-05-06T05:09:41.185Z
sensor.ups_monitor_voltage_slope,0.0112537229433656,2026-05-06T05:10:41.187Z
sensor.ups_monitor_voltage_slope,0.00731491949409246,2026-05-06T05:11:41.103Z
sensor.ups_monitor_voltage_slope,-0.0826972350478172,2026-05-06T05:12:41.189Z
sensor.ups_monitor_voltage_slope,-0.22832328081131,2026-05-06T05:13:41.190Z
sensor.ups_monitor_voltage_slope,0.0261599570512772,2026-05-06T05:14:41.096Z
sensor.ups_monitor_voltage_slope,-0.157566115260124,2026-05-06T05:15:41.105Z
sensor.ups_monitor_voltage_slope,-0.103085540235043,2026-05-06T05:16:41.204Z
sensor.ups_monitor_voltage_slope,-0.241575688123703,2026-05-06T05:17:41.104Z
sensor.ups_monitor_voltage_slope,-0.0695722550153732,2026-05-06T05:18:41.107Z
sensor.ups_monitor_voltage_slope,-0.132673904299736,2026-05-06T05:19:41.204Z
sensor.ups_monitor_voltage_slope,0.176451563835144,2026-05-06T05:20:41.213Z
sensor.ups_monitor_voltage_slope,0.114693515002728,2026-05-06T05:21:41.204Z
sensor.ups_monitor_voltage_slope,0.336906582117081,2026-05-06T05:22:41.109Z
sensor.ups_monitor_voltage_slope,-0.0440341085195541,2026-05-06T05:23:41.109Z
sensor.ups_monitor_voltage_slope,-0.0279545970261097,2026-05-06T05:24:41.206Z
sensor.ups_monitor_voltage_slope,0.24418531358242,2026-05-06T05:25:41.110Z
sensor.ups_monitor_voltage_slope,-0.0165172070264816,2026-05-06T05:26:41.109Z
sensor.ups_monitor_voltage_slope,-0.010736184194684,2026-05-06T05:27:41.208Z
sensor.ups_monitor_voltage_slope,-0.269334316253662,2026-05-06T05:28:41.209Z
sensor.ups_monitor_voltage_slope,-0.0872815847396851,2026-05-06T05:29:41.114Z
sensor.ups_monitor_voltage_slope,-0.144518747925758,2026-05-06T05:30:41.115Z
sensor.ups_monitor_voltage_slope,-0.00681903213262558,2026-05-06T05:31:41.214Z
sensor.ups_monitor_voltage_slope,0.171139076352119,2026-05-06T05:32:41.215Z
sensor.ups_monitor_voltage_slope,0.37359619140625,2026-05-06T05:33:41.219Z
sensor.ups_monitor_voltage_slope,-0.282207876443863,2026-05-06T05:34:41.234Z
sensor.ups_monitor_voltage_slope,0.0789206922054291,2026-05-06T05:35:41.218Z
sensor.ups_monitor_voltage_slope,0.138750374317169,2026-05-06T05:36:41.218Z
sensor.ups_monitor_voltage_slope,-0.0843823403120041,2026-05-06T05:37:41.222Z
sensor.ups_monitor_voltage_slope,0.120389133691788,2026-05-06T05:38:41.227Z
sensor.ups_monitor_voltage_slope,0.165371090173721,2026-05-06T05:39:41.228Z
sensor.ups_monitor_voltage_slope,0.0203730538487434,2026-05-06T05:40:41.137Z
sensor.ups_monitor_voltage_slope,0.100360631942749,2026-05-06T05:41:41.138Z
sensor.ups_monitor_voltage_slope,-0.372692823410034,2026-05-06T05:42:41.139Z
sensor.ups_monitor_voltage_slope,-0.154130816459656,2026-05-06T05:43:41.140Z
sensor.ups_monitor_voltage_slope,0.161836981773376,2026-05-06T05:44:41.240Z
sensor.ups_monitor_voltage_slope,0.0180758833885193,2026-05-06T05:45:41.246Z
sensor.ups_monitor_voltage_slope,0.274105131626129,2026-05-06T05:46:41.246Z
sensor.ups_monitor_voltage_slope,0.178168326616287,2026-05-06T05:47:41.248Z
sensor.ups_monitor_voltage_slope,-0.234665900468826,2026-05-06T05:48:41.153Z
sensor.ups_monitor_voltage_slope,-0.152532830834389,2026-05-06T05:49:41.154Z
sensor.ups_monitor_voltage_slope,-0.0991463363170624,2026-05-06T05:50:41.153Z
sensor.ups_monitor_voltage_slope,0.11079254001379,2026-05-06T05:51:41.251Z
sensor.ups_monitor_voltage_slope,-0.0151029974222183,2026-05-06T05:52:41.255Z
sensor.ups_monitor_voltage_slope,0.165086925029755,2026-05-06T05:53:41.257Z
sensor.ups_monitor_voltage_slope,0.0195207744836807,2026-05-06T05:54:41.265Z
sensor.ups_monitor_voltage_slope,0.10047422349453,2026-05-06T05:55:41.171Z
sensor.ups_monitor_voltage_slope,0.0653082430362701,2026-05-06T05:56:41.265Z
sensor.ups_monitor_voltage_slope,-0.219905450940132,2026-05-06T05:57:41.265Z
sensor.ups_monitor_voltage_slope,0.0322991162538528,2026-05-06T05:58:41.275Z
sensor.ups_monitor_voltage_slope,-0.154243230819702,2026-05-06T05:59:41.177Z
sensor.ups_monitor_voltage_slope,0.162097707390785,2026-05-06T06:00:41.273Z
sensor.ups_monitor_voltage_slope,-0.156992301344872,2026-05-06T06:01:41.177Z
sensor.ups_monitor_voltage_slope,0.247762739658356,2026-05-06T06:02:41.179Z
sensor.ups_monitor_voltage_slope,-0.101310029625893,2026-05-06T06:03:41.184Z
sensor.ups_monitor_voltage_slope,0.0219342038035393,2026-05-06T06:04:41.185Z
sensor.ups_monitor_voltage_slope,0.101375378668308,2026-05-06T06:05:41.282Z
sensor.ups_monitor_voltage_slope,0.0658939927816391,2026-05-06T06:06:41.285Z
sensor.ups_monitor_voltage_slope,-0.132072776556015,2026-05-06T06:07:41.288Z
sensor.ups_monitor_voltage_slope,0.0012708455324173,2026-05-06T06:08:41.292Z
sensor.ups_monitor_voltage_slope,-0.436433613300323,2026-05-06T06:09:41.292Z
sensor.ups_monitor_voltage_slope,-0.196563690900803,2026-05-06T06:10:41.292Z
sensor.ups_monitor_voltage_slope,-0.127432614564896,2026-05-06T06:11:41.294Z
sensor.ups_monitor_voltage_slope,0.179524600505829,2026-05-06T06:12:41.300Z
sensor.ups_monitor_voltage_slope,-0.058546669781208,2026-05-06T06:13:41.216Z
sensor.ups_monitor_voltage_slope,0.049396600574255,2026-05-06T06:14:41.204Z
sensor.ups_monitor_voltage_slope,0.207345440983772,2026-05-06T06:15:41.218Z
sensor.ups_monitor_voltage_slope,-0.302485138177872,2026-05-06T06:16:41.219Z
sensor.ups_monitor_voltage_slope,0.32843005657196,2026-05-06T06:17:41.220Z
sensor.ups_monitor_voltage_slope,-0.0495438426733017,2026-05-06T06:18:41.220Z
sensor.ups_monitor_voltage_slope,-0.207107365131378,2026-05-06T06:19:41.218Z
sensor.ups_monitor_voltage_slope,-0.134286001324654,2026-05-06T06:20:41.203Z
sensor.ups_monitor_voltage_slope,0.350307554006577,2026-05-06T06:21:41.213Z
sensor.ups_monitor_voltage_slope,-0.0353234708309174,2026-05-06T06:22:41.213Z
sensor.ups_monitor_voltage_slope,0.240063115954399,2026-05-06T06:23:41.219Z
sensor.ups_monitor_voltage_slope,0.0682553052902222,2026-05-06T06:24:41.212Z
sensor.ups_monitor_voltage_slope,0.0443659462034702,2026-05-06T06:25:41.214Z
sensor.ups_monitor_voltage_slope,0.11662358045578,2026-05-06T06:26:41.214Z
sensor.ups_monitor_voltage_slope,-0.0119803994894028,2026-05-06T06:27:41.219Z
sensor.ups_monitor_voltage_slope,-0.269809275865555,2026-05-06T06:28:41.221Z
sensor.ups_monitor_voltage_slope,-0.0885916650295258,2026-05-06T06:29:41.220Z
sensor.ups_monitor_voltage_slope,-0.319606602191925,2026-05-06T06:30:41.236Z
sensor.ups_monitor_voltage_slope,0.317301094532013,2026-05-06T06:31:41.234Z
sensor.ups_monitor_voltage_slope,0.118459984660149,2026-05-06T06:32:41.238Z
sensor.ups_monitor_voltage_slope,0.164784699678421,2026-05-06T06:33:41.240Z
sensor.ups_monitor_voltage_slope,-0.155245751142502,2026-05-06T06:34:41.229Z
sensor.ups_monitor_voltage_slope,0.161446064710617,2026-05-06T06:35:41.230Z
sensor.ups_monitor_voltage_slope,-0.507223606109619,2026-05-06T06:36:41.242Z
sensor.ups_monitor_voltage_slope,0.282468199729919,2026-05-06T06:37:41.241Z
sensor.ups_monitor_voltage_slope,0.0958186089992523,2026-05-06T06:38:41.242Z
sensor.ups_monitor_voltage_slope,0.0622820928692818,2026-05-06T06:39:41.231Z
sensor.ups_monitor_voltage_slope,0.0404833592474461,2026-05-06T06:40:41.242Z
sensor.ups_monitor_voltage_slope,0.0263141822069883,2026-05-06T06:41:41.233Z
sensor.ups_monitor_voltage_slope,0.192341879010201,2026-05-06T06:42:41.245Z
sensor.ups_monitor_voltage_slope,-0.137667372822762,2026-05-06T06:43:41.229Z
sensor.ups_monitor_voltage_slope,-0.527077257633209,2026-05-06T06:44:41.245Z
sensor.ups_monitor_voltage_slope,-0.080244392156601,2026-05-06T06:45:41.249Z
sensor.ups_monitor_voltage_slope,0.210530743002892,2026-05-06T06:46:41.233Z
sensor.ups_monitor_voltage_slope,0.312082648277283,2026-05-06T06:47:41.252Z
sensor.ups_monitor_voltage_slope,0.115401774644852,2026-05-06T06:48:41.235Z
sensor.ups_monitor_voltage_slope,-0.450034260749817,2026-05-06T06:49:41.249Z
sensor.ups_monitor_voltage_slope,0.232523143291473,2026-05-06T06:50:41.249Z
sensor.ups_monitor_voltage_slope,-0.111883342266083,2026-05-06T06:51:41.249Z
sensor.ups_monitor_voltage_slope,-0.247294247150421,2026-05-06T06:52:41.253Z
sensor.ups_monitor_voltage_slope,0.276852190494537,2026-05-06T06:53:41.254Z
sensor.ups_monitor_voltage_slope,-0.257639527320862,2026-05-06T06:54:41.243Z
sensor.ups_monitor_voltage_slope,0.270127773284912,2026-05-06T06:55:41.254Z
sensor.ups_monitor_voltage_slope,0.0877973288297653,2026-05-06T06:56:41.255Z
sensor.ups_monitor_voltage_slope,0.144853979349136,2026-05-06T06:57:41.255Z
sensor.ups_monitor_voltage_slope,-0.255652666091919,2026-05-06T06:58:41.245Z
sensor.ups_monitor_voltage_slope,-0.51598197221756,2026-05-06T06:59:41.254Z
sensor.ups_monitor_voltage_slope,0.364227205514908,2026-05-06T07:00:41.255Z
sensor.ups_monitor_voltage_slope,0.236747682094574,2026-05-06T07:01:41.262Z
sensor.ups_monitor_voltage_slope,0.153885990381241,2026-05-06T07:02:41.245Z
sensor.ups_monitor_voltage_slope,-0.0748779773712158,2026-05-06T07:03:41.259Z
sensor.ups_monitor_voltage_slope,-0.661501824855804,2026-05-06T07:04:41.260Z
sensor.ups_monitor_voltage_slope,0.0947354435920715,2026-05-06T07:05:41.259Z
sensor.ups_monitor_voltage_slope,0.236815690994263,2026-05-06T07:06:41.254Z
sensor.ups_monitor_voltage_slope,0.0668120384216309,2026-05-06T07:07:41.267Z
sensor.ups_monitor_voltage_slope,-0.0440241098403931,2026-05-06T07:08:41.268Z
sensor.ups_monitor_voltage_slope,-0.379090994596481,2026-05-06T07:09:41.266Z
sensor.ups_monitor_voltage_slope,0.278636276721954,2026-05-06T07:10:41.260Z
sensor.ups_monitor_voltage_slope,0.268899291753769,2026-05-06T07:11:41.275Z
sensor.ups_monitor_voltage_slope,-0.000119343400001526,2026-05-06T07:12:41.358Z
sensor.ups_monitor_voltage_slope,0.0870405733585358,2026-05-06T07:13:41.279Z
sensor.ups_monitor_voltage_slope,-0.29323136806488,2026-05-06T07:14:41.264Z
sensor.ups_monitor_voltage_slope,0.246993079781532,2026-05-06T07:15:41.273Z
sensor.ups_monitor_voltage_slope,0.160545498132706,2026-05-06T07:16:41.279Z
sensor.ups_monitor_voltage_slope,0.104354567825794,2026-05-06T07:17:41.268Z
sensor.ups_monitor_voltage_slope,0.067830465734005,2026-05-06T07:18:41.276Z
sensor.ups_monitor_voltage_slope,0.131541728973389,2026-05-06T07:19:41.287Z
sensor.ups_monitor_voltage_slope,0.0855021178722382,2026-05-06T07:20:41.273Z
sensor.ups_monitor_voltage_slope,-0.207113221287727,2026-05-06T07:21:41.283Z
sensor.ups_monitor_voltage_slope,-0.134289801120758,2026-05-06T07:22:41.291Z
sensor.ups_monitor_voltage_slope,-0.175407871603966,2026-05-06T07:23:41.293Z
sensor.ups_monitor_voltage_slope,-0.0262293890118599,2026-05-06T07:24:41.283Z
sensor.ups_monitor_voltage_slope,0.158188551664352,2026-05-06T07:25:41.283Z
sensor.ups_monitor_voltage_slope,0.103156343102455,2026-05-06T07:26:41.296Z
sensor.ups_monitor_voltage_slope,0.0667178332805634,2026-05-06T07:27:41.287Z
sensor.ups_monitor_voltage_slope,-0.043751560151577,2026-05-06T07:28:41.291Z
sensor.ups_monitor_voltage_slope,0.058679636567831,2026-05-06T07:29:41.315Z
sensor.ups_monitor_voltage_slope,-0.0489763878285885,2026-05-06T07:30:41.316Z
sensor.ups_monitor_voltage_slope,0.317305505275726,2026-05-06T07:31:41.314Z
sensor.ups_monitor_voltage_slope,-0.231011107563972,2026-05-06T07:32:41.315Z
sensor.ups_monitor_voltage_slope,-0.149823427200317,2026-05-06T07:33:41.315Z
sensor.ups_monitor_voltage_slope,-0.0977190136909485,2026-05-06T07:34:41.300Z
sensor.ups_monitor_voltage_slope,-0.063183568418026,2026-05-06T07:35:41.317Z
sensor.ups_monitor_voltage_slope,0.308404624462128,2026-05-06T07:36:41.316Z
sensor.ups_monitor_voltage_slope,0.0258929133415222,2026-05-06T07:37:41.323Z
sensor.ups_monitor_voltage_slope,0.191400468349457,2026-05-06T07:38:41.382Z
sensor.ups_monitor_voltage_slope,-0.137945502996445,2026-05-06T07:39:41.392Z
sensor.ups_monitor_voltage_slope,-0.0889969989657402,2026-05-06T07:40:41.380Z
sensor.ups_monitor_voltage_slope,0.203840181231499,2026-05-06T07:41:41.386Z
sensor.ups_monitor_voltage_slope,-0.21731162071228,2026-05-06T07:42:41.386Z
sensor.ups_monitor_voltage_slope,0.120769470930099,2026-05-06T07:43:41.390Z
sensor.ups_monitor_voltage_slope,-0.00828421115875244,2026-05-06T07:44:41.390Z
sensor.ups_monitor_voltage_slope,-0.180622398853302,2026-05-06T07:45:41.304Z
sensor.ups_monitor_voltage_slope,0.0578330978751183,2026-05-06T07:46:41.303Z
sensor.ups_monitor_voltage_slope,0.125043451786041,2026-05-06T07:47:41.312Z
sensor.ups_monitor_voltage_slope,-0.00617369264364243,2026-05-06T07:48:41.324Z
sensor.ups_monitor_voltage_slope,-0.179250553250313,2026-05-06T07:49:41.330Z
sensor.ups_monitor_voltage_slope,0.0587247982621193,2026-05-06T07:50:41.340Z
sensor.ups_monitor_voltage_slope,0.125623047351837,2026-05-06T07:51:41.336Z
sensor.ups_monitor_voltage_slope,-0.181034609675407,2026-05-06T07:52:41.334Z
sensor.ups_monitor_voltage_slope,-0.205458223819733,2026-05-06T07:53:41.346Z
sensor.ups_monitor_voltage_slope,-0.133547842502594,2026-05-06T07:54:41.349Z
sensor.ups_monitor_voltage_slope,-0.173590451478958,2026-05-06T07:55:41.358Z
sensor.ups_monitor_voltage_slope,0.324425876140594,2026-05-06T07:56:41.354Z
sensor.ups_monitor_voltage_slope,0.035639151930809,2026-05-06T07:57:41.363Z
sensor.ups_monitor_voltage_slope,0.110951170325279,2026-05-06T07:58:41.352Z
sensor.ups_monitor_voltage_slope,0.0721182599663734,2026-05-06T07:59:41.362Z
sensor.ups_monitor_voltage_slope,-0.128360792994499,2026-05-06T08:00:41.354Z
sensor.ups_monitor_voltage_slope,-0.170552670955658,2026-05-06T08:01:41.356Z
sensor.ups_monitor_voltage_slope,-0.0237410813570023,2026-05-06T08:02:41.353Z
sensor.ups_monitor_voltage_slope,0.159805953502655,2026-05-06T08:03:41.358Z
sensor.ups_monitor_voltage_slope,0.0167557150125504,2026-05-06T08:04:41.359Z
sensor.ups_monitor_voltage_slope,0.272913217544556,2026-05-06T08:05:41.360Z
sensor.ups_monitor_voltage_slope,0.0899416506290436,2026-05-06T08:06:41.365Z
sensor.ups_monitor_voltage_slope,-0.204227522015572,2026-05-06T08:07:41.365Z
sensor.ups_monitor_voltage_slope,0.217059850692749,2026-05-06T08:08:41.364Z
sensor.ups_monitor_voltage_slope,-0.471074640750885,2026-05-06T08:09:41.375Z
sensor.ups_monitor_voltage_slope,-0.0438427031040192,2026-05-06T08:10:41.369Z
sensor.ups_monitor_voltage_slope,-0.466091215610504,2026-05-06T08:11:41.368Z
sensor.ups_monitor_voltage_slope,0.13496795296669,2026-05-06T08:12:41.375Z
sensor.ups_monitor_voltage_slope,0.0877291634678841,2026-05-06T08:13:41.388Z
sensor.ups_monitor_voltage_slope,0.231927827000618,2026-05-06T08:14:41.388Z
sensor.ups_monitor_voltage_slope,0.0629673600196838,2026-05-06T08:15:41.387Z
sensor.ups_monitor_voltage_slope,0.47852224111557,2026-05-06T08:16:41.378Z
sensor.ups_monitor_voltage_slope,-0.56381368637085,2026-05-06T08:17:41.390Z
sensor.ups_monitor_voltage_slope,-0.104456871747971,2026-05-06T08:18:41.378Z
sensor.ups_monitor_voltage_slope,0.107340693473816,2026-05-06T08:19:41.389Z
sensor.ups_monitor_voltage_slope,0.332127243280411,2026-05-06T08:20:41.394Z
sensor.ups_monitor_voltage_slope,0.0413126200437546,2026-05-06T08:21:41.392Z
sensor.ups_monitor_voltage_slope,-0.14838445186615,2026-05-06T08:22:41.392Z
sensor.ups_monitor_voltage_slope,-0.0961161032319069,2026-05-06T08:23:41.385Z
sensor.ups_monitor_voltage_slope,0.287332266569138,2026-05-06T08:24:41.393Z
sensor.ups_monitor_voltage_slope,0.0118620991706848,2026-05-06T08:25:41.398Z
sensor.ups_monitor_voltage_slope,0.182614237070084,2026-05-06T08:26:41.388Z
sensor.ups_monitor_voltage_slope,-0.143990337848663,2026-05-06T08:27:41.398Z
sensor.ups_monitor_voltage_slope,-0.268831372261047,2026-05-06T08:28:41.391Z
sensor.ups_monitor_voltage_slope,-0.174740388989449,2026-05-06T08:29:41.394Z
sensor.ups_monitor_voltage_slope,0.411464154720306,2026-05-06T08:30:41.398Z
sensor.ups_monitor_voltage_slope,-0.0823560357093811,2026-05-06T08:31:41.398Z
sensor.ups_monitor_voltage_slope,0.0342543013393879,2026-05-06T08:32:41.409Z
sensor.ups_monitor_voltage_slope,-0.0655204281210899,2026-05-06T08:33:41.408Z
sensor.ups_monitor_voltage_slope,0.0451974458992481,2026-05-06T08:34:41.401Z
sensor.ups_monitor_voltage_slope,-0.233645036816597,2026-05-06T08:35:41.410Z
sensor.ups_monitor_voltage_slope,0.198606044054031,2026-05-06T08:36:41.426Z
sensor.ups_monitor_voltage_slope,-0.0461437255144119,2026-05-06T08:37:41.426Z
sensor.ups_monitor_voltage_slope,0.145244240760803,2026-05-06T08:38:41.420Z
sensor.ups_monitor_voltage_slope,0.0937411785125732,2026-05-06T08:39:41.429Z
sensor.ups_monitor_voltage_slope,-0.113638319075108,2026-05-06T08:40:41.430Z
sensor.ups_monitor_voltage_slope,0.188824683427811,2026-05-06T08:41:41.430Z
sensor.ups_monitor_voltage_slope,-0.314523637294769,2026-05-06T08:42:41.415Z
sensor.ups_monitor_voltage_slope,-0.0292026996612549,2026-05-06T08:43:41.422Z
sensor.ups_monitor_voltage_slope,0.155588328838348,2026-05-06T08:44:41.433Z
sensor.ups_monitor_voltage_slope,-0.511364936828613,2026-05-06T08:45:41.426Z
sensor.ups_monitor_voltage_slope,0.280110120773315,2026-05-06T08:46:41.436Z
sensor.ups_monitor_voltage_slope,-0.167736172676086,2026-05-06T08:47:41.427Z
sensor.ups_monitor_voltage_slope,0.065541572868824,2026-05-06T08:48:41.426Z
sensor.ups_monitor_voltage_slope,0.217839673161507,2026-05-06T08:49:41.438Z
sensor.ups_monitor_voltage_slope,0.0541438460350037,2026-05-06T08:50:41.421Z
sensor.ups_monitor_voltage_slope,0.209763586521149,2026-05-06T08:51:41.429Z
sensor.ups_monitor_voltage_slope,-0.126009479165077,2026-05-06T08:52:41.429Z
sensor.ups_monitor_voltage_slope,0.0933315008878708,2026-05-06T08:53:41.429Z
sensor.ups_monitor_voltage_slope,-0.0267864614725113,2026-05-06T08:54:41.428Z
sensor.ups_monitor_voltage_slope,0.0693731606006622,2026-05-06T08:55:41.428Z
sensor.ups_monitor_voltage_slope,0.0457601249217987,2026-05-06T08:56:41.435Z
sensor.ups_monitor_voltage_slope,0.204314157366753,2026-05-06T08:57:41.430Z
sensor.ups_monitor_voltage_slope,-0.304455459117889,2026-05-06T08:58:41.444Z
sensor.ups_monitor_voltage_slope,-0.197896048426628,2026-05-06T08:59:41.444Z
sensor.ups_monitor_voltage_slope,0.0466052293777466,2026-05-06T09:00:41.444Z
sensor.ups_monitor_voltage_slope,0.117745332419872,2026-05-06T09:01:41.435Z
sensor.ups_monitor_voltage_slope,-0.0987031906843185,2026-05-06T09:02:41.444Z
sensor.ups_monitor_voltage_slope,-0.151609003543854,2026-05-06T09:03:41.443Z
sensor.ups_monitor_voltage_slope,-0.0110939145088196,2026-05-06T09:04:41.444Z
sensor.ups_monitor_voltage_slope,0.0805746763944626,2026-05-06T09:05:41.439Z
sensor.ups_monitor_voltage_slope,0.489633202552795,2026-05-06T09:06:41.439Z
sensor.ups_monitor_voltage_slope,-0.118998110294342,2026-05-06T09:07:41.440Z
sensor.ups_monitor_voltage_slope,-0.165134489536285,2026-05-06T09:08:41.455Z
sensor.ups_monitor_voltage_slope,-0.019551694393158,2026-05-06T09:09:41.457Z
sensor.ups_monitor_voltage_slope,0.0747433304786682,2026-05-06T09:10:41.461Z
sensor.ups_monitor_voltage_slope,0.135701313614845,2026-05-06T09:11:41.451Z
sensor.ups_monitor_voltage_slope,-0.349387615919113,2026-05-06T09:12:41.460Z
sensor.ups_monitor_voltage_slope,0.122705802321434,2026-05-06T09:13:41.457Z
sensor.ups_monitor_voltage_slope,0.0804263427853584,2026-05-06T09:14:41.460Z
sensor.ups_monitor_voltage_slope,-0.0351748131215572,2026-05-06T09:15:41.460Z
sensor.ups_monitor_voltage_slope,0.0645883083343506,2026-05-06T09:16:41.449Z
sensor.ups_monitor_voltage_slope,0.21655248105526,2026-05-06T09:17:41.465Z
sensor.ups_monitor_voltage_slope,-0.383618712425232,2026-05-06T09:18:41.464Z
sensor.ups_monitor_voltage_slope,0.100455582141876,2026-05-06T09:19:41.454Z
sensor.ups_monitor_voltage_slope,-0.109273955225945,2026-05-06T09:20:41.457Z
sensor.ups_monitor_voltage_slope,0.190660163760185,2026-05-06T09:21:41.456Z
sensor.ups_monitor_voltage_slope,0.123929098248482,2026-05-06T09:22:41.457Z
sensor.ups_monitor_voltage_slope,-0.0940161719918251,2026-05-06T09:23:41.465Z
sensor.ups_monitor_voltage_slope,0.113793358206749,2026-05-06T09:24:41.461Z
sensor.ups_monitor_voltage_slope,-0.0141538232564926,2026-05-06T09:25:41.463Z
sensor.ups_monitor_voltage_slope,-0.183770060539246,2026-05-06T09:26:41.473Z
sensor.ups_monitor_voltage_slope,0.14290526509285,2026-05-06T09:27:41.466Z
sensor.ups_monitor_voltage_slope,0.0928884223103523,2026-05-06T09:28:41.466Z
sensor.ups_monitor_voltage_slope,-0.201978325843811,2026-05-06T09:29:41.476Z
sensor.ups_monitor_voltage_slope,0.2185218334198,2026-05-06T09:30:41.478Z
sensor.ups_monitor_voltage_slope,0.142039179801941,2026-05-06T09:31:41.478Z
sensor.ups_monitor_voltage_slope,0.180111184716225,2026-05-06T09:32:41.482Z
sensor.ups_monitor_voltage_slope,-0.0578316003084183,2026-05-06T09:33:41.471Z
sensor.ups_monitor_voltage_slope,-0.0375905372202396,2026-05-06T09:34:41.476Z
sensor.ups_monitor_voltage_slope,0.237921953201294,2026-05-06T09:35:41.474Z
sensor.ups_monitor_voltage_slope,-0.544966220855713,2026-05-06T09:36:41.476Z
sensor.ups_monitor_voltage_slope,-0.0918722152709961,2026-05-06T09:37:41.485Z
sensor.ups_monitor_voltage_slope,-0.234954595565796,2026-05-06T09:38:41.497Z
sensor.ups_monitor_voltage_slope,0.197421044111252,2026-05-06T09:39:41.497Z
sensor.ups_monitor_voltage_slope,0.0402041673660278,2026-05-06T09:40:41.486Z
sensor.ups_monitor_voltage_slope,0.289156079292297,2026-05-06T09:41:41.487Z
sensor.ups_monitor_voltage_slope,0.100165724754333,2026-05-06T09:42:41.488Z
sensor.ups_monitor_voltage_slope,-0.10946236550808,2026-05-06T09:43:41.489Z
sensor.ups_monitor_voltage_slope,0.103419549763203,2026-05-06T09:44:41.490Z
sensor.ups_monitor_voltage_slope,-0.370036959648132,2026-05-06T09:45:41.490Z
sensor.ups_monitor_voltage_slope,-0.240524008870125,2026-05-06T09:46:41.500Z
sensor.ups_monitor_voltage_slope,0.280919075012207,2026-05-06T09:47:41.517Z
sensor.ups_monitor_voltage_slope,-0.254328489303589,2026-05-06T09:48:41.507Z
sensor.ups_monitor_voltage_slope,0.35939809679985,2026-05-06T09:49:41.506Z
sensor.ups_monitor_voltage_slope,0.23360875248909,2026-05-06T09:50:41.510Z
sensor.ups_monitor_voltage_slope,-0.285747766494751,2026-05-06T09:51:41.533Z
sensor.ups_monitor_voltage_slope,-0.185736045241356,2026-05-06T09:52:41.532Z
sensor.ups_monitor_voltage_slope,-0.120728425681591,2026-05-06T09:53:41.516Z
sensor.ups_monitor_voltage_slope,0.184216111898422,2026-05-06T09:54:41.529Z
sensor.ups_monitor_voltage_slope,0.206858620047569,2026-05-06T09:55:41.515Z
sensor.ups_monitor_voltage_slope,0.222243815660477,2026-05-06T09:56:41.529Z
sensor.ups_monitor_voltage_slope,-0.467705070972443,2026-05-06T09:57:41.528Z
sensor.ups_monitor_voltage_slope,0.30815526843071,2026-05-06T09:58:41.529Z
sensor.ups_monitor_voltage_slope,0.200300917029381,2026-05-06T09:59:41.531Z
sensor.ups_monitor_voltage_slope,-0.0450420677661896,2026-05-06T10:00:41.531Z
sensor.ups_monitor_voltage_slope,0.145960316061974,2026-05-06T10:01:41.532Z
sensor.ups_monitor_voltage_slope,0.0948742032051086,2026-05-06T10:02:41.526Z
sensor.ups_monitor_voltage_slope,-0.288139522075653,2026-05-06T10:03:41.533Z
sensor.ups_monitor_voltage_slope,-0.18729068338871,2026-05-06T10:04:41.535Z
sensor.ups_monitor_voltage_slope,-0.0342870056629181,2026-05-06T10:05:41.535Z
sensor.ups_monitor_voltage_slope,0.240069255232811,2026-05-06T10:06:41.544Z
sensor.ups_monitor_voltage_slope,-0.01885886490345,2026-05-06T10:07:41.533Z
sensor.ups_monitor_voltage_slope,-0.0122582614421844,2026-05-06T10:08:41.530Z
sensor.ups_monitor_voltage_slope,-0.00796786975115538,2026-05-06T10:09:41.545Z
sensor.ups_monitor_voltage_slope,-0.26786869764328,2026-05-06T10:10:41.538Z
sensor.ups_monitor_voltage_slope,0.175693094730377,2026-05-06T10:11:41.545Z
sensor.ups_monitor_voltage_slope,-0.0610371455550194,2026-05-06T10:12:41.551Z
sensor.ups_monitor_voltage_slope,-0.126458510756493,2026-05-06T10:13:41.554Z
sensor.ups_monitor_voltage_slope,0.0927058383822441,2026-05-06T10:14:41.568Z
sensor.ups_monitor_voltage_slope,0.0599250085651875,2026-05-06T10:15:41.577Z
sensor.ups_monitor_voltage_slope,-0.0481668934226036,2026-05-06T10:16:41.581Z
sensor.ups_monitor_voltage_slope,0.318499267101288,2026-05-06T10:17:41.581Z
sensor.ups_monitor_voltage_slope,-0.317353308200836,2026-05-06T10:18:41.581Z
sensor.ups_monitor_voltage_slope,-0.119161486625671,2026-05-06T10:19:41.577Z
sensor.ups_monitor_voltage_slope,0.18456706404686,2026-05-06T10:20:41.577Z
sensor.ups_monitor_voltage_slope,0.119968585669994,2026-05-06T10:21:41.584Z
sensor.ups_monitor_voltage_slope,-0.184042438864708,2026-05-06T10:22:41.585Z
sensor.ups_monitor_voltage_slope,-0.0321756452322006,2026-05-06T10:23:41.581Z
sensor.ups_monitor_voltage_slope,-0.283603757619858,2026-05-06T10:24:41.581Z
sensor.ups_monitor_voltage_slope,-51.2839775085449,2026-05-06T10:25:41.601Z
sensor.ups_monitor_voltage_slope,-43.9222755432129,2026-05-06T10:26:41.585Z
sensor.ups_monitor_voltage_slope,-36.5119438171387,2026-05-06T10:27:41.597Z
sensor.ups_monitor_voltage_slope,-27.3199615478516,2026-05-06T10:28:41.609Z
sensor.ups_monitor_voltage_slope,-21.8712196350098,2026-05-06T10:29:41.594Z
sensor.ups_monitor_voltage_slope,-18.7661285400391,2026-05-06T10:30:41.604Z
sensor.ups_monitor_voltage_slope,-15.4353733062744,2026-05-06T10:31:41.604Z
sensor.ups_monitor_voltage_slope,-9.94520664215088,2026-05-06T10:32:41.604Z
sensor.ups_monitor_voltage_slope,-8.03952026367188,2026-05-06T10:33:41.596Z
sensor.ups_monitor_voltage_slope,-6.88827610015869,2026-05-06T10:34:41.608Z
sensor.ups_monitor_voltage_slope,-5.00209093093872,2026-05-06T10:35:41.607Z
sensor.ups_monitor_voltage_slope,-3.16390705108643,2026-05-06T10:36:41.611Z
sensor.ups_monitor_voltage_slope,-2.84427452087402,2026-05-06T10:37:41.610Z
sensor.ups_monitor_voltage_slope,-3.07377290725708,2026-05-06T10:38:41.616Z
sensor.ups_monitor_voltage_slope,-2.6975679397583,2026-05-06T10:39:41.611Z
sensor.ups_monitor_voltage_slope,-0.966351628303528,2026-05-06T10:40:41.619Z
sensor.ups_monitor_voltage_slope,-3.51571130752563,2026-05-06T10:41:41.619Z
sensor.ups_monitor_voltage_slope,0.514918565750122,2026-05-06T10:42:41.621Z
sensor.ups_monitor_voltage_slope,0.684504806995392,2026-05-06T10:43:41.621Z
sensor.ups_monitor_voltage_slope,-1.21732616424561,2026-05-06T10:44:41.617Z
sensor.ups_monitor_voltage_slope,-0.441454231739044,2026-05-06T10:45:41.621Z
sensor.ups_monitor_voltage_slope,-0.811656832695007,2026-05-06T10:46:41.631Z
sensor.ups_monitor_voltage_slope,-0.00286531448364258,2026-05-06T10:47:41.623Z
sensor.ups_monitor_voltage_slope,-0.0893143862485886,2026-05-06T10:48:41.624Z
sensor.ups_monitor_voltage_slope,-1.80776059627533,2026-05-06T10:49:41.630Z
sensor.ups_monitor_voltage_slope,-2.83796620368958,2026-05-06T10:50:41.632Z
sensor.ups_monitor_voltage_slope,1.3933801651001,2026-05-06T10:51:41.636Z
sensor.ups_monitor_voltage_slope,-0.494535267353058,2026-05-06T10:52:41.630Z
sensor.ups_monitor_voltage_slope,-1.02106332778931,2026-05-06T10:53:41.631Z
sensor.ups_monitor_voltage_slope,-2.15170907974243,2026-05-06T10:54:41.631Z
sensor.ups_monitor_voltage_slope,-1.92298865318298,2026-05-06T10:55:41.651Z
sensor.ups_monitor_voltage_slope,-1.16282439231873,2026-05-06T10:56:41.651Z
sensor.ups_monitor_voltage_slope,1.43146395683289,2026-05-06T10:57:41.638Z
sensor.ups_monitor_voltage_slope,-0.0318535566329956,2026-05-06T10:58:41.636Z
sensor.ups_monitor_voltage_slope,0.941266477108002,2026-05-06T10:59:41.651Z
sensor.ups_monitor_voltage_slope,-0.700623393058777,2026-05-06T11:00:41.654Z
sensor.ups_monitor_voltage_slope,0.33232980966568,2026-05-06T11:01:41.641Z
sensor.ups_monitor_voltage_slope,-0.221245303750038,2026-05-06T11:02:41.653Z
sensor.ups_monitor_voltage_slope,-0.231261372566223,2026-05-06T11:03:41.654Z
sensor.ups_monitor_voltage_slope,-1.90069377422333,2026-05-06T11:04:41.655Z
sensor.ups_monitor_voltage_slope,-2.54789733886719,2026-05-06T11:05:41.668Z
sensor.ups_monitor_voltage_slope,-0.0813307762145996,2026-05-06T11:06:41.670Z
sensor.ups_monitor_voltage_slope,-0.0521974302828312,2026-05-06T11:07:41.664Z
sensor.ups_monitor_voltage_slope,-1.69651639461517,2026-05-06T11:08:41.665Z
sensor.ups_monitor_voltage_slope,-1.45321094989777,2026-05-06T11:09:41.680Z
sensor.ups_monitor_voltage_slope,-1.64453637599945,2026-05-06T11:10:41.681Z
sensor.ups_monitor_voltage_slope,-0.0191916227340698,2026-05-06T11:11:41.666Z
sensor.ups_monitor_voltage_slope,-1.58694314956665,2026-05-06T11:12:41.680Z
sensor.ups_monitor_voltage_slope,-0.76915717124939,2026-05-06T11:13:41.683Z
sensor.ups_monitor_voltage_slope,0.112545192241669,2026-05-06T11:14:41.684Z
sensor.ups_monitor_voltage_slope,-1.15184032917023,2026-05-06T11:15:41.676Z
sensor.ups_monitor_voltage_slope,-1.18628966808319,2026-05-06T11:16:41.682Z
sensor.ups_monitor_voltage_slope,-1.20834791660309,2026-05-06T11:17:41.707Z
sensor.ups_monitor_voltage_slope,-1.04811573028564,2026-05-06T11:18:41.701Z
sensor.ups_monitor_voltage_slope,-1.11886858940125,2026-05-06T11:19:41.685Z
sensor.ups_monitor_voltage_slope,-0.0269815325737,2026-05-06T11:20:41.701Z
sensor.ups_monitor_voltage_slope,-2.20550537109375,2026-05-06T11:21:41.698Z
sensor.ups_monitor_voltage_slope,-0.0333461761474609,2026-05-06T11:22:41.688Z
sensor.ups_monitor_voltage_slope,-1.42157351970673,2026-05-06T11:23:41.702Z
sensor.ups_monitor_voltage_slope,-0.574214994907379,2026-05-06T11:24:41.686Z
sensor.ups_monitor_voltage_slope,-2.3853018283844,2026-05-06T11:25:41.686Z
sensor.ups_monitor_voltage_slope,-3.30081987380981,2026-05-06T11:26:41.685Z
sensor.ups_monitor_voltage_slope,-1.7079393863678,2026-05-06T11:27:41.702Z
sensor.ups_monitor_voltage_slope,-0.147187948226929,2026-05-06T11:28:41.701Z
sensor.ups_monitor_voltage_slope,-2.80868482589722,2026-05-06T11:29:41.692Z
sensor.ups_monitor_voltage_slope,-0.600650429725647,2026-05-06T11:30:41.706Z
sensor.ups_monitor_voltage_slope,-1.2652759552002,2026-05-06T11:31:41.712Z
sensor.ups_monitor_voltage_slope,-1.17223715782166,2026-05-06T11:32:41.718Z
sensor.ups_monitor_voltage_slope,-1.11276316642761,2026-05-06T11:33:41.711Z
sensor.ups_monitor_voltage_slope,-0.984984278678894,2026-05-06T11:34:41.714Z
sensor.ups_monitor_voltage_slope,-1.865234375,2026-05-06T11:35:41.705Z
sensor.ups_monitor_voltage_slope,-0.950380325317383,2026-05-06T11:36:41.714Z
sensor.ups_monitor_voltage_slope,-2.10509777069092,2026-05-06T11:37:41.717Z
sensor.ups_monitor_voltage_slope,-2.15538096427917,2026-05-06T11:38:41.716Z
sensor.ups_monitor_voltage_slope,-3.41406106948853,2026-05-06T11:39:41.718Z
sensor.ups_monitor_voltage_slope,-1.51952409744263,2026-05-06T11:40:41.723Z
sensor.ups_monitor_voltage_slope,-3.17465662956238,2026-05-06T11:41:41.738Z
sensor.ups_monitor_voltage_slope,-2.58823823928833,2026-05-06T11:42:41.727Z
sensor.ups_monitor_voltage_slope,-3.16970539093018,2026-05-06T11:43:41.729Z
sensor.ups_monitor_voltage_slope,-2.58602142333984,2026-05-06T11:44:41.729Z
sensor.ups_monitor_voltage_slope,-0.0183256864547729,2026-05-06T11:45:41.729Z
sensor.ups_monitor_voltage_slope,-1.41181027889252,2026-05-06T11:46:41.730Z
sensor.ups_monitor_voltage_slope,-2.31790900230408,2026-05-06T11:47:41.734Z
sensor.ups_monitor_voltage_slope,-1.15616548061371,2026-05-06T11:48:41.733Z
sensor.ups_monitor_voltage_slope,-1.01386332511902,2026-05-06T11:49:41.727Z
sensor.ups_monitor_voltage_slope,-1.44674611091614,2026-05-06T11:50:41.740Z
sensor.ups_monitor_voltage_slope,-2.95278072357178,2026-05-06T11:51:41.756Z
sensor.ups_monitor_voltage_slope,-2.96973180770874,2026-05-06T11:52:41.771Z
sensor.ups_monitor_voltage_slope,-1.31782829761505,2026-05-06T11:53:41.772Z
sensor.ups_monitor_voltage_slope,-2.16903495788574,2026-05-06T11:54:41.772Z
sensor.ups_monitor_voltage_slope,-3.07212686538696,2026-05-06T11:55:41.778Z
sensor.ups_monitor_voltage_slope,-3.30932903289795,2026-05-06T11:56:41.688Z
sensor.ups_monitor_voltage_slope,-5.30100250244141,2026-05-06T11:57:41.691Z
sensor.ups_monitor_voltage_slope,-6.42102003097534,2026-05-06T11:58:41.693Z
sensor.ups_monitor_voltage_slope,0.989005565643311,2026-05-06T11:59:41.695Z
sensor.ups_monitor_voltage_slope,-2.76977443695068,2026-05-06T12:00:41.698Z
sensor.ups_monitor_voltage_slope,-2.93789601325989,2026-05-06T12:01:41.702Z
sensor.ups_monitor_voltage_slope,-1.82184660434723,2026-05-06T12:02:41.719Z
sensor.ups_monitor_voltage_slope,-0.659154891967773,2026-05-06T12:03:41.727Z
sensor.ups_monitor_voltage_slope,-1.47854149341583,2026-05-06T12:04:41.727Z
sensor.ups_monitor_voltage_slope,-2.64533615112305,2026-05-06T12:05:41.736Z
sensor.ups_monitor_voltage_slope,-2.39738798141479,2026-05-06T12:06:41.756Z
sensor.ups_monitor_voltage_slope,-1.99622941017151,2026-05-06T12:07:41.757Z
sensor.ups_monitor_voltage_slope,-2.52254390716553,2026-05-06T12:08:41.764Z
sensor.ups_monitor_voltage_slope,-4.43978404998779,2026-05-06T12:09:41.771Z
sensor.ups_monitor_voltage_slope,-4.54778003692627,2026-05-06T12:10:41.775Z
sensor.ups_monitor_voltage_slope,-2.51879715919495,2026-05-06T12:11:41.787Z
sensor.ups_monitor_voltage_slope,-6.09960317611694,2026-05-06T12:12:41.778Z
sensor.ups_monitor_voltage_slope,-1.07715916633606,2026-05-06T12:13:41.779Z
sensor.ups_monitor_voltage_slope,-1.13808059692383,2026-05-06T12:14:41.799Z
sensor.ups_monitor_voltage_slope,-1.52715349197388,2026-05-06T12:15:41.817Z
sensor.ups_monitor_voltage_slope,-3.09249758720398,2026-05-06T12:16:41.810Z
sensor.ups_monitor_voltage_slope,-1.22272205352783,2026-05-06T12:17:41.722Z
sensor.ups_monitor_voltage_slope,-4.64499092102051,2026-05-06T12:18:41.725Z
sensor.ups_monitor_voltage_slope,-3.19448161125183,2026-05-06T12:19:41.725Z
sensor.ups_monitor_voltage_slope,-2.07574534416199,2026-05-06T12:20:41.739Z
sensor.ups_monitor_voltage_slope,-2.74946689605713,2026-05-06T12:21:41.751Z
sensor.ups_monitor_voltage_slope,-2.48743629455566,2026-05-06T12:22:41.762Z
sensor.ups_monitor_voltage_slope,-4.24139308929443,2026-05-06T12:23:41.775Z
sensor.ups_monitor_voltage_slope,-3.36940264701843,2026-05-06T12:24:41.790Z
sensor.ups_monitor_voltage_slope,-5.69019174575806,2026-05-06T12:25:41.796Z
sensor.ups_monitor_voltage_slope,-3.34881687164307,2026-05-06T12:26:41.812Z
sensor.ups_monitor_voltage_slope,-1.73880362510681,2026-05-06T12:27:41.818Z
sensor.ups_monitor_voltage_slope,-2.1806468963623,2026-05-06T12:28:41.811Z
sensor.ups_monitor_voltage_slope,-3.16712665557861,2026-05-06T12:29:41.816Z
sensor.ups_monitor_voltage_slope,-4.68385887145996,2026-05-06T12:30:41.816Z
sensor.ups_monitor_voltage_slope,-8.46953201293945,2026-05-06T12:31:41.819Z
sensor.ups_monitor_voltage_slope,-2.96775436401367,2026-05-06T12:32:41.808Z
sensor.ups_monitor_voltage_slope,-3.06658315658569,2026-05-06T12:33:41.820Z
sensor.ups_monitor_voltage_slope,-4.26836442947388,2026-05-06T12:34:41.811Z
sensor.ups_monitor_voltage_slope,-3.73674178123474,2026-05-06T12:35:41.820Z
sensor.ups_monitor_voltage_slope,-6.8034815788269,2026-05-06T12:36:41.814Z
sensor.ups_monitor_voltage_slope,-5.90994691848755,2026-05-06T12:37:41.817Z
sensor.ups_monitor_voltage_slope,-4.1916069984436,2026-05-06T12:38:41.821Z
sensor.ups_monitor_voltage_slope,-4.38713264465332,2026-05-06T12:39:41.818Z
sensor.ups_monitor_voltage_slope,-5.30162525177002,2026-05-06T12:40:41.830Z
sensor.ups_monitor_voltage_slope,-3.35860443115234,2026-05-06T12:41:41.820Z
sensor.ups_monitor_voltage_slope,-5.59538745880127,2026-05-06T12:42:41.839Z
sensor.ups_monitor_voltage_slope,-5.21213817596436,2026-05-06T12:43:41.819Z
sensor.ups_monitor_voltage_slope,-3.12520003318787,2026-05-06T12:44:41.835Z
sensor.ups_monitor_voltage_slope,-4.9189624786377,2026-05-06T12:45:41.833Z
sensor.ups_monitor_voltage_slope,-5.47241115570068,2026-05-06T12:46:41.834Z
sensor.ups_monitor_voltage_slope,-3.99466061592102,2026-05-06T12:47:41.835Z
sensor.ups_monitor_voltage_slope,-5.74646759033203,2026-05-06T12:48:41.835Z
sensor.ups_monitor_voltage_slope,-7.32273578643799,2026-05-06T12:49:41.827Z
sensor.ups_monitor_voltage_slope,-3.79713916778564,2026-05-06T12:50:41.834Z
sensor.ups_monitor_voltage_slope,-7.45590496063232,2026-05-06T12:51:41.827Z
sensor.ups_monitor_voltage_slope,-4.58364868164062,2026-05-06T12:52:41.835Z
sensor.ups_monitor_voltage_slope,-5.25445699691772,2026-05-06T12:53:41.835Z
sensor.ups_monitor_voltage_slope,-6.12807559967041,2026-05-06T12:54:41.829Z
sensor.ups_monitor_voltage_slope,-5.73262119293213,2026-05-06T12:55:41.843Z
sensor.ups_monitor_voltage_slope,-5.47657775878906,2026-05-06T12:56:41.843Z
sensor.ups_monitor_voltage_slope,-6.70971393585205,2026-05-06T12:57:41.840Z
sensor.ups_monitor_voltage_slope,-6.46116161346436,2026-05-06T12:58:41.840Z
sensor.ups_monitor_voltage_slope,-6.03724670410156,2026-05-06T12:59:41.842Z
sensor.ups_monitor_voltage_slope,-5.41222858428955,2026-05-06T13:00:41.843Z
sensor.ups_monitor_voltage_slope,-4.91751289367676,2026-05-06T13:01:41.851Z
sensor.ups_monitor_voltage_slope,-5.64637279510498,2026-05-06T13:02:41.848Z
sensor.ups_monitor_voltage_slope,-4.45787715911865,2026-05-06T13:03:41.856Z
sensor.ups_monitor_voltage_slope,-1.67229151725769,2026-05-06T13:04:41.869Z
sensor.ups_monitor_voltage_slope,-2.57500743865967,2026-05-06T13:05:41.871Z
sensor.ups_monitor_voltage_slope,-1.67342102527618,2026-05-06T13:06:41.874Z
sensor.ups_monitor_voltage_slope,-2.92554950714111,2026-05-06T13:07:41.871Z
sensor.ups_monitor_voltage_slope,-1.98872530460358,2026-05-06T13:08:41.860Z
sensor.ups_monitor_voltage_slope,-1.81771683692932,2026-05-06T13:09:41.871Z
sensor.ups_monitor_voltage_slope,-1.26896786689758,2026-05-06T13:10:41.870Z
sensor.ups_monitor_voltage_slope,-3.62462615966797,2026-05-06T13:11:41.870Z
sensor.ups_monitor_voltage_slope,-2.35634064674377,2026-05-06T13:12:41.870Z
sensor.ups_monitor_voltage_slope,-2.58171224594116,2026-05-06T13:13:41.862Z
sensor.ups_monitor_voltage_slope,-1.50320899486542,2026-05-06T13:14:41.860Z
sensor.ups_monitor_voltage_slope,-1.23944163322449,2026-05-06T13:15:41.870Z
sensor.ups_monitor_voltage_slope,-2.90548491477966,2026-05-06T13:16:41.871Z
sensor.ups_monitor_voltage_slope,-1.71366131305695,2026-05-06T13:17:41.870Z
sensor.ups_monitor_voltage_slope,-3.30151319503784,2026-05-06T13:18:41.862Z
sensor.ups_monitor_voltage_slope,-2.32122111320496,2026-05-06T13:19:41.866Z
sensor.ups_monitor_voltage_slope,-2.73345470428467,2026-05-06T13:20:41.877Z
sensor.ups_monitor_voltage_slope,-0.989010453224182,2026-05-06T13:21:41.874Z
sensor.ups_monitor_voltage_slope,-1.78039956092834,2026-05-06T13:22:41.877Z
sensor.ups_monitor_voltage_slope,-3.60724902153015,2026-05-06T13:23:41.888Z
sensor.ups_monitor_voltage_slope,-1.64509630203247,2026-05-06T13:24:41.881Z
sensor.ups_monitor_voltage_slope,-3.08137464523315,2026-05-06T13:25:41.881Z
sensor.ups_monitor_voltage_slope,-2.35303497314453,2026-05-06T13:26:41.895Z
sensor.ups_monitor_voltage_slope,-8.26694297790527,2026-05-06T13:27:41.886Z
sensor.ups_monitor_voltage_slope,-1.08569765090942,2026-05-06T13:28:41.895Z
sensor.ups_monitor_voltage_slope,-2.19338774681091,2026-05-06T13:29:41.894Z
sensor.ups_monitor_voltage_slope,-5.9755392074585,2026-05-06T13:30:41.898Z
sensor.ups_monitor_voltage_slope,-4.84673929214478,2026-05-06T13:31:41.896Z
sensor.ups_monitor_voltage_slope,-4.37537479400635,2026-05-06T13:32:41.888Z
sensor.ups_monitor_voltage_slope,-7.91954326629639,2026-05-06T13:33:41.902Z
sensor.ups_monitor_voltage_slope,-6.46014976501465,2026-05-06T13:34:41.895Z
sensor.ups_monitor_voltage_slope,-6.82399034500122,2026-05-06T13:35:41.903Z
sensor.ups_monitor_voltage_slope,-8.63562297821045,2026-05-06T13:36:41.903Z
sensor.ups_monitor_voltage_slope,-7.88824033737183,2026-05-06T13:37:41.904Z
sensor.ups_monitor_voltage_slope,-10.0270004272461,2026-05-06T13:38:41.896Z
sensor.ups_monitor_voltage_slope,-11.942907333374,2026-05-06T13:39:41.904Z
sensor.ups_monitor_voltage_slope,unavailable,2026-05-06T14:05:29.492Z
sensor.ups_monitor_voltage_slope,138.018798828125,2026-05-06T14:05:32.389Z
sensor.ups_monitor_voltage_slope,95.9243087768555,2026-05-06T14:05:41.930Z
sensor.ups_monitor_voltage_slope,65.6759796142578,2026-05-06T14:06:41.923Z
sensor.ups_monitor_voltage_slope,44.4394226074219,2026-05-06T14:07:41.933Z
sensor.ups_monitor_voltage_slope,unavailable,2026-05-06T14:08:44.223Z
sensor.ups_monitor_voltage_slope,28.9730758666992,2026-05-06T14:08:44.388Z
sensor.ups_monitor_voltage_slope,17.6949558258057,2026-05-06T14:09:41.941Z
sensor.ups_monitor_voltage_slope,12.9016189575195,2026-05-06T14:10:41.943Z
sensor.ups_monitor_voltage_slope,8.73652744293213,2026-05-06T14:11:41.936Z
sensor.ups_monitor_voltage_slope,5.85331249237061,2026-05-06T14:12:41.929Z
sensor.ups_monitor_voltage_slope,3.62941527366638,2026-05-06T14:13:41.945Z
sensor.ups_monitor_voltage_slope,unavailable,2026-05-06T14:14:35.742Z
sensor.ups_monitor_voltage_slope,3.62941527366638,2026-05-06T14:14:35.887Z
sensor.ups_monitor_voltage_slope,2.62180948257446,2026-05-06T14:14:41.952Z
sensor.ups_monitor_voltage_slope,1.61705791950226,2026-05-06T14:15:41.935Z
sensor.ups_monitor_voltage_slope,1.3134434223175,2026-05-06T14:16:41.950Z
sensor.ups_monitor_voltage_slope,0.76662003993988,2026-05-06T14:17:41.937Z
sensor.ups_monitor_voltage_slope,0.760658800601959,2026-05-06T14:18:41.949Z
sensor.ups_monitor_voltage_slope,unavailable,2026-05-06T14:19:55.848Z
sensor.ups_monitor_voltage_slope,0.581546306610107,2026-05-06T14:20:18.413Z
sensor.ups_monitor_voltage_slope,0.640694677829742,2026-05-06T14:20:41.944Z
sensor.ups_monitor_voltage_slope,0.503903448581696,2026-05-06T14:21:41.953Z
sensor.ups_monitor_voltage_slope,0.765130698680878,2026-05-06T14:22:41.943Z
sensor.ups_monitor_voltage_slope,0.847142696380615,2026-05-06T14:23:41.945Z
sensor.ups_monitor_voltage_slope,0.900784254074097,2026-05-06T14:24:41.942Z
sensor.ups_monitor_voltage_slope,0.585175931453705,2026-05-06T14:25:41.955Z
sensor.ups_monitor_voltage_slope,0.905743479728699,2026-05-06T14:26:41.950Z
sensor.ups_monitor_voltage_slope,0.151473581790924,2026-05-06T14:27:41.971Z
sensor.ups_monitor_voltage_slope,1.41057062149048,2026-05-06T14:28:41.969Z
sensor.ups_monitor_voltage_slope,0.654515087604523,2026-05-06T14:29:41.976Z
sensor.ups_monitor_voltage_slope,0.950480222702026,2026-05-06T14:30:41.975Z
sensor.ups_monitor_voltage_slope,1.31809520721436,2026-05-06T14:31:41.983Z
sensor.ups_monitor_voltage_slope,1.03133201599121,2026-05-06T14:32:41.978Z
sensor.ups_monitor_voltage_slope,unavailable,2026-05-06T14:34:20.052Z
sensor.ups_monitor_voltage_slope,0.320558071136475,2026-05-06T14:34:22.012Z
sensor.ups_monitor_voltage_slope,0.9960977435112,2026-05-06T14:34:41.967Z
sensor.ups_monitor_voltage_slope,1.17184138298035,2026-05-06T14:35:41.989Z
sensor.ups_monitor_voltage_slope,1.19962406158447,2026-05-06T14:36:41.990Z
sensor.ups_monitor_voltage_slope,1.21668148040771,2026-05-06T14:37:41.995Z
sensor.ups_monitor_voltage_slope,0.528487145900726,2026-05-06T14:38:41.983Z
sensor.ups_monitor_voltage_slope,1.04379963874817,2026-05-06T14:39:41.992Z
sensor.ups_monitor_voltage_slope,1.11572933197021,2026-05-06T14:40:41.993Z
sensor.ups_monitor_voltage_slope,0.375416278839111,2026-05-06T14:41:41.999Z
sensor.ups_monitor_voltage_slope,0.856184124946594,2026-05-06T14:42:41.986Z
sensor.ups_monitor_voltage_slope,0.644639194011688,2026-05-06T14:43:42.012Z
sensor.ups_monitor_voltage_slope,1.29386854171753,2026-05-06T14:44:41.995Z
sensor.ups_monitor_voltage_slope,1.10370409488678,2026-05-06T14:45:42.016Z
sensor.ups_monitor_voltage_slope,0.891977727413177,2026-05-06T14:46:41.996Z
sensor.ups_monitor_voltage_slope,0.755023181438446,2026-05-06T14:47:42.002Z
sensor.ups_monitor_voltage_slope,0.840572774410248,2026-05-06T14:48:42.001Z
sensor.ups_monitor_voltage_slope,0.721609950065613,2026-05-06T14:49:42.003Z
sensor.ups_monitor_voltage_slope,1.08154380321503,2026-05-06T14:50:42.006Z
sensor.ups_monitor_voltage_slope,0.615217745304108,2026-05-06T14:51:42.009Z
sensor.ups_monitor_voltage_slope,0.224987655878067,2026-05-06T14:52:42.012Z
sensor.ups_monitor_voltage_slope,0.321145832538605,2026-05-06T14:53:42.009Z
sensor.ups_monitor_voltage_slope,1.08359789848328,2026-05-06T14:54:42.023Z
sensor.ups_monitor_voltage_slope,0.704338610172272,2026-05-06T14:55:42.007Z
sensor.ups_monitor_voltage_slope,0.982865452766418,2026-05-06T14:56:42.011Z
sensor.ups_monitor_voltage_slope,0.638862550258636,2026-05-06T14:57:42.027Z
sensor.ups_monitor_voltage_slope,0.06545290350914,2026-05-06T14:58:42.033Z
sensor.ups_monitor_voltage_slope,0.655041694641113,2026-05-06T14:59:42.034Z
sensor.ups_monitor_voltage_slope,0.688466668128967,2026-05-06T15:00:42.038Z
sensor.ups_monitor_voltage_slope,0.709859132766724,2026-05-06T15:01:42.036Z
sensor.ups_monitor_voltage_slope,0.63597846031189,2026-05-06T15:02:42.038Z
sensor.ups_monitor_voltage_slope,0.588623642921448,2026-05-06T15:03:42.038Z
sensor.ups_monitor_voltage_slope,0.645294904708862,2026-05-06T15:04:42.028Z
sensor.ups_monitor_voltage_slope,-0.193723231554031,2026-05-06T15:05:42.041Z
sensor.ups_monitor_voltage_slope,0.661814868450165,2026-05-06T15:06:42.042Z
sensor.ups_monitor_voltage_slope,0.430847227573395,2026-05-06T15:07:42.056Z
sensor.ups_monitor_voltage_slope,0.542406499385834,2026-05-06T15:08:42.059Z
sensor.ups_monitor_voltage_slope,0.440016150474548,2026-05-06T15:09:42.060Z
sensor.ups_monitor_voltage_slope,0.286010473966599,2026-05-06T15:10:42.063Z
sensor.ups_monitor_voltage_slope,0.448262602090836,2026-05-06T15:11:42.070Z
sensor.ups_monitor_voltage_slope,0.554060280323029,2026-05-06T15:12:42.054Z
sensor.ups_monitor_voltage_slope,0.622161149978638,2026-05-06T15:13:42.055Z
sensor.ups_monitor_voltage_slope,0.579642415046692,2026-05-06T15:14:42.057Z
sensor.ups_monitor_voltage_slope,0.289315611124039,2026-05-06T15:15:42.054Z
sensor.ups_monitor_voltage_slope,0.100269421935081,2026-05-06T15:16:42.060Z
sensor.ups_monitor_voltage_slope,0.15296083688736,2026-05-06T15:17:42.058Z
sensor.ups_monitor_voltage_slope,0.361446559429169,2026-05-06T15:18:42.060Z
sensor.ups_monitor_voltage_slope,0.497963637113571,2026-05-06T15:19:42.060Z
sensor.ups_monitor_voltage_slope,0.235890626907349,2026-05-06T15:20:42.060Z
sensor.ups_monitor_voltage_slope,0.0658769607543945,2026-05-06T15:21:42.064Z
sensor.ups_monitor_voltage_slope,0.568199217319489,2026-05-06T15:22:42.071Z
sensor.ups_monitor_voltage_slope,0.543899536132812,2026-05-06T15:23:42.072Z
sensor.ups_monitor_voltage_slope,0.178630828857422,2026-05-06T15:24:42.072Z
sensor.ups_monitor_voltage_slope,0.46625155210495,2026-05-06T15:25:42.073Z
sensor.ups_monitor_voltage_slope,0.652871251106262,2026-05-06T15:26:42.072Z
sensor.ups_monitor_voltage_slope,0.249796211719513,2026-05-06T15:27:42.068Z
sensor.ups_monitor_voltage_slope,0.512175261974335,2026-05-06T15:28:42.067Z
sensor.ups_monitor_voltage_slope,0.245461970567703,2026-05-06T15:29:42.071Z
sensor.ups_monitor_voltage_slope,-0.102805525064468,2026-05-06T15:30:42.081Z
sensor.ups_monitor_voltage_slope,0.545339941978455,2026-05-06T15:31:42.085Z
sensor.ups_monitor_voltage_slope,0.442590445280075,2026-05-06T15:32:42.074Z
sensor.ups_monitor_voltage_slope,0.2876837849617,2026-05-06T15:33:42.085Z
sensor.ups_monitor_voltage_slope,0.186994448304176,2026-05-06T15:34:42.086Z
sensor.ups_monitor_voltage_slope,0.645924210548401,2026-05-06T15:35:42.087Z
sensor.ups_monitor_voltage_slope,0.157494902610779,2026-05-06T15:36:42.075Z
sensor.ups_monitor_voltage_slope,0.714869022369385,2026-05-06T15:37:42.082Z
sensor.ups_monitor_voltage_slope,0.377212911844254,2026-05-06T15:38:42.080Z
sensor.ups_monitor_voltage_slope,0.157736450433731,2026-05-06T15:39:42.083Z
sensor.ups_monitor_voltage_slope,0.452336430549622,2026-05-06T15:40:42.088Z
sensor.ups_monitor_voltage_slope,0.381470590829849,2026-05-06T15:41:42.087Z
sensor.ups_monitor_voltage_slope,0.247955873608589,2026-05-06T15:42:42.092Z
sensor.ups_monitor_voltage_slope,0.249290823936462,2026-05-06T15:43:42.099Z
sensor.ups_monitor_voltage_slope,0.249157175421715,2026-05-06T15:44:42.099Z
sensor.ups_monitor_voltage_slope,0.0741664320230484,2026-05-06T15:45:42.100Z
sensor.ups_monitor_voltage_slope,0.135993897914886,2026-05-06T15:46:42.099Z
sensor.ups_monitor_voltage_slope,0.263633668422699,2026-05-06T15:47:42.090Z
sensor.ups_monitor_voltage_slope,0.608621537685394,2026-05-06T15:48:42.103Z
sensor.ups_monitor_voltage_slope,-0.216893345117569,2026-05-06T15:49:42.101Z
sensor.ups_monitor_voltage_slope,0.208827063441277,2026-05-06T15:50:42.091Z
sensor.ups_monitor_voltage_slope,0.135737583041191,2026-05-06T15:51:42.103Z
sensor.ups_monitor_voltage_slope,-0.174126386642456,2026-05-06T15:52:42.103Z
sensor.ups_monitor_voltage_slope,0.0613879337906837,2026-05-06T15:53:42.103Z
sensor.ups_monitor_voltage_slope,0.390377461910248,2026-05-06T15:54:42.104Z
sensor.ups_monitor_voltage_slope,-0.00894424319267273,2026-05-06T15:55:42.104Z
sensor.ups_monitor_voltage_slope,0.34432777762413,2026-05-06T15:56:42.094Z
sensor.ups_monitor_voltage_slope,0.573620796203613,2026-05-06T15:57:42.095Z
sensor.ups_monitor_voltage_slope,0.198283433914185,2026-05-06T15:58:42.107Z
sensor.ups_monitor_voltage_slope,-0.0463534295558929,2026-05-06T15:59:42.099Z
sensor.ups_monitor_voltage_slope,0.582033812999725,2026-05-06T16:00:42.112Z
sensor.ups_monitor_voltage_slope,0.203751891851425,2026-05-06T16:01:42.111Z
sensor.ups_monitor_voltage_slope,0.0446529984474182,2026-05-06T16:02:42.112Z
sensor.ups_monitor_voltage_slope,0.204262107610703,2026-05-06T16:03:42.105Z
sensor.ups_monitor_voltage_slope,0.395126163959503,2026-05-06T16:04:42.107Z
sensor.ups_monitor_voltage_slope,0.344283938407898,2026-05-06T16:05:42.107Z
sensor.ups_monitor_voltage_slope,0.136332616209984,2026-05-06T16:06:42.102Z
sensor.ups_monitor_voltage_slope,-0.173739612102509,2026-05-06T16:07:42.109Z
sensor.ups_monitor_voltage_slope,0.149425059556961,2026-05-06T16:08:42.111Z
sensor.ups_monitor_voltage_slope,0.0971262827515602,2026-05-06T16:09:42.120Z
sensor.ups_monitor_voltage_slope,0.150584012269974,2026-05-06T16:10:42.121Z
sensor.ups_monitor_voltage_slope,-0.0773580521345139,2026-05-06T16:11:42.123Z
sensor.ups_monitor_voltage_slope,0.475430250167847,2026-05-06T16:12:42.123Z
sensor.ups_monitor_voltage_slope,0.221243917942047,2026-05-06T16:13:42.124Z
sensor.ups_monitor_voltage_slope,0.0563566088676453,2026-05-06T16:14:42.116Z
sensor.ups_monitor_voltage_slope,-0.138605862855911,2026-05-06T16:15:42.124Z
sensor.ups_monitor_voltage_slope,0.172595784068108,2026-05-06T16:16:42.121Z
sensor.ups_monitor_voltage_slope,-0.0627166107296944,2026-05-06T16:17:42.120Z
sensor.ups_monitor_voltage_slope,-0.0407657958567142,2026-05-06T16:18:42.131Z
sensor.ups_monitor_voltage_slope,0.0609541684389114,2026-05-06T16:19:42.120Z
sensor.ups_monitor_voltage_slope,0.302309811115265,2026-05-06T16:20:42.121Z
sensor.ups_monitor_voltage_slope,0.19650137424469,2026-05-06T16:21:42.137Z
sensor.ups_monitor_voltage_slope,-0.39765328168869,2026-05-06T16:22:42.141Z
sensor.ups_monitor_voltage_slope,0.354022711515427,2026-05-06T16:23:42.127Z
sensor.ups_monitor_voltage_slope,-0.207144916057587,2026-05-06T16:24:42.125Z
sensor.ups_monitor_voltage_slope,0.215497329831123,2026-05-06T16:25:42.135Z
sensor.ups_monitor_voltage_slope,0.402429044246674,2026-05-06T16:26:42.136Z
sensor.ups_monitor_voltage_slope,-0.176014602184296,2026-05-06T16:27:42.139Z
sensor.ups_monitor_voltage_slope,0.148613899946213,2026-05-06T16:28:42.143Z
sensor.ups_monitor_voltage_slope,0.271169126033783,2026-05-06T16:29:42.158Z
sensor.ups_monitor_voltage_slope,0.00102226436138153,2026-05-06T16:30:42.158Z
sensor.ups_monitor_voltage_slope,-0.524380922317505,2026-05-06T16:31:42.159Z
sensor.ups_monitor_voltage_slope,0.446887403726578,2026-05-06T16:32:42.160Z
sensor.ups_monitor_voltage_slope,0.29047679901123,2026-05-06T16:33:42.163Z
sensor.ups_monitor_voltage_slope,0.0135722607374191,2026-05-06T16:34:42.167Z
sensor.ups_monitor_voltage_slope,0.358629703521729,2026-05-06T16:35:42.165Z
sensor.ups_monitor_voltage_slope,-0.0289127230644226,2026-05-06T16:36:42.165Z
sensor.ups_monitor_voltage_slope,-0.193363353610039,2026-05-06T16:37:42.150Z
sensor.ups_monitor_voltage_slope,0.0488839149475098,2026-05-06T16:38:42.167Z
sensor.ups_monitor_voltage_slope,0.207012206315994,2026-05-06T16:39:42.164Z
sensor.ups_monitor_voltage_slope,-0.0406797230243683,2026-05-06T16:40:42.169Z
sensor.ups_monitor_voltage_slope,0.235580205917358,2026-05-06T16:41:42.163Z
sensor.ups_monitor_voltage_slope,-0.19668060541153,2026-05-06T16:42:42.173Z
sensor.ups_monitor_voltage_slope,-0.127842381596565,2026-05-06T16:43:42.164Z
sensor.ups_monitor_voltage_slope,-0.170549482107162,2026-05-06T16:44:42.174Z
sensor.ups_monitor_voltage_slope,unavailable,2026-05-06T16:47:22.194Z
sensor.ups_monitor_voltage_slope,-0.369293600320816,2026-05-06T16:47:25.104Z
sensor.ups_monitor_voltage_slope,-0.589848577976227,2026-05-06T16:47:42.215Z
sensor.ups_monitor_voltage_slope,0.490783989429474,2026-05-06T16:48:42.232Z
sensor.ups_monitor_voltage_slope,0.319009572267532,2026-05-06T16:49:42.270Z
sensor.ups_monitor_voltage_slope,0.207356214523315,2026-05-06T16:50:42.297Z
sensor.ups_monitor_voltage_slope,0.310019195079803,2026-05-06T16:51:42.307Z
sensor.ups_monitor_voltage_slope,0.376750111579895,2026-05-06T16:52:42.347Z
sensor.ups_monitor_voltage_slope,-0.455395489931107,2026-05-06T16:53:42.370Z
sensor.ups_monitor_voltage_slope,0.229038327932358,2026-05-06T16:54:42.396Z
sensor.ups_monitor_voltage_slope,0.0617567598819733,2026-05-06T16:55:42.426Z
sensor.ups_monitor_voltage_slope,-0.485237300395966,2026-05-06T16:56:42.446Z
sensor.ups_monitor_voltage_slope,0.209307372570038,2026-05-06T16:57:42.481Z
sensor.ups_monitor_voltage_slope,0.136049792170525,2026-05-06T16:58:42.508Z
sensor.ups_monitor_voltage_slope,0.263670027256012,2026-05-06T16:59:42.538Z
sensor.ups_monitor_voltage_slope,-0.353659868240356,2026-05-06T17:00:42.560Z
sensor.ups_monitor_voltage_slope,0.207714557647705,2026-05-06T17:01:42.607Z
sensor.ups_monitor_voltage_slope,0.135014459490776,2026-05-06T17:02:42.607Z
sensor.ups_monitor_voltage_slope,-0.0874782577157021,2026-05-06T17:03:42.646Z
sensor.ups_monitor_voltage_slope,0.118376791477203,2026-05-06T17:04:42.676Z
sensor.ups_monitor_voltage_slope,0.164396852254868,2026-05-06T17:05:42.694Z
sensor.ups_monitor_voltage_slope,-0.068379707634449,2026-05-06T17:06:42.727Z
sensor.ups_monitor_voltage_slope,0.306028515100479,2026-05-06T17:07:42.743Z
sensor.ups_monitor_voltage_slope,0.111466586589813,2026-05-06T17:08:42.781Z
sensor.ups_monitor_voltage_slope,-0.0153324455022812,2026-05-06T17:09:42.812Z
sensor.ups_monitor_voltage_slope,0.515079319477081,2026-05-06T17:10:42.848Z
sensor.ups_monitor_voltage_slope,0.0724457502365112,2026-05-06T17:11:42.867Z
sensor.ups_monitor_voltage_slope,-0.127814128994942,2026-05-06T17:12:42.907Z
sensor.ups_monitor_voltage_slope,0.266728550195694,2026-05-06T17:13:42.925Z
sensor.ups_monitor_voltage_slope,-0.00186410546302795,2026-05-06T17:14:42.962Z
sensor.ups_monitor_voltage_slope,-0.00087788247037679,2026-05-06T17:15:43.006Z
sensor.ups_monitor_voltage_slope,0.0872150957584381,2026-05-06T17:16:43.037Z
sensor.ups_monitor_voltage_slope,0.0566898100078106,2026-05-06T17:17:43.051Z
sensor.ups_monitor_voltage_slope,-0.0509373471140862,2026-05-06T17:18:43.082Z
sensor.ups_monitor_voltage_slope,-0.295798867940903,2026-05-06T17:19:43.131Z
sensor.ups_monitor_voltage_slope,-0.0170315951108932,2026-05-06T17:20:43.146Z
sensor.ups_monitor_voltage_slope,0.251619040966034,2026-05-06T17:21:43.174Z
sensor.ups_monitor_voltage_slope,-0.361826807260513,2026-05-06T17:22:42.263Z
sensor.ups_monitor_voltage_slope,0.377309918403625,2026-05-06T17:23:42.276Z
sensor.ups_monitor_voltage_slope,0.245251432061195,2026-05-06T17:24:42.263Z
sensor.ups_monitor_voltage_slope,0.159413427114487,2026-05-06T17:25:42.296Z
sensor.ups_monitor_voltage_slope,0.1036187261343,2026-05-06T17:26:42.296Z
sensor.ups_monitor_voltage_slope,0.0680197402834892,2026-05-06T17:27:42.296Z
sensor.ups_monitor_voltage_slope,-0.306262493133545,2026-05-06T17:28:42.295Z
sensor.ups_monitor_voltage_slope,0.238189056515694,2026-05-06T17:29:42.307Z
sensor.ups_monitor_voltage_slope,0.0673709511756897,2026-05-06T17:30:42.294Z
sensor.ups_monitor_voltage_slope,-0.3934685587883,2026-05-06T17:31:42.282Z
sensor.ups_monitor_voltage_slope,0.00693503022193909,2026-05-06T17:32:42.280Z
sensor.ups_monitor_voltage_slope,-0.170729890465736,2026-05-06T17:33:42.287Z
sensor.ups_monitor_voltage_slope,0.151381373405457,2026-05-06T17:34:42.302Z
sensor.ups_monitor_voltage_slope,0.273301750421524,2026-05-06T17:35:42.296Z
sensor.ups_monitor_voltage_slope,0.352883785963058,2026-05-06T17:36:42.290Z
sensor.ups_monitor_voltage_slope,0.141922518610954,2026-05-06T17:37:42.288Z
sensor.ups_monitor_voltage_slope,0.0922496318817139,2026-05-06T17:38:42.300Z
sensor.ups_monitor_voltage_slope,-0.115275397896767,2026-05-06T17:39:42.304Z
sensor.ups_monitor_voltage_slope,-0.337618589401245,2026-05-06T17:40:42.311Z
sensor.ups_monitor_voltage_slope,0.218475177884102,2026-05-06T17:41:42.319Z
sensor.ups_monitor_voltage_slope,0.0542231351137161,2026-05-06T17:42:42.333Z
sensor.ups_monitor_voltage_slope,-0.402014642953873,2026-05-06T17:43:42.340Z
sensor.ups_monitor_voltage_slope,0.00104629993438721,2026-05-06T17:44:42.338Z
sensor.ups_monitor_voltage_slope,-0.524365305900574,2026-05-06T17:45:42.327Z
sensor.ups_monitor_voltage_slope,0.271659880876541,2026-05-06T17:46:42.326Z
sensor.ups_monitor_voltage_slope,0.26403084397316,2026-05-06T17:47:42.330Z
sensor.ups_monitor_voltage_slope,-0.0910695493221283,2026-05-06T17:48:42.320Z
sensor.ups_monitor_voltage_slope,0.0289243012666702,2026-05-06T17:49:42.333Z
sensor.ups_monitor_voltage_slope,0.36860853433609,2026-05-06T17:50:42.337Z
sensor.ups_monitor_voltage_slope,0.239595532417297,2026-05-06T17:51:42.340Z
sensor.ups_monitor_voltage_slope,0.155737087130547,2026-05-06T17:52:42.332Z
sensor.ups_monitor_voltage_slope,0.363584905862808,2026-05-06T17:53:42.335Z
sensor.ups_monitor_voltage_slope,0.0610925257205963,2026-05-06T17:54:42.339Z
sensor.ups_monitor_voltage_slope,-0.134859949350357,2026-05-06T17:55:42.342Z
sensor.ups_monitor_voltage_slope,-0.438134282827377,2026-05-06T17:56:42.349Z
sensor.ups_monitor_voltage_slope,0.0656880438327789,2026-05-06T17:57:42.354Z
sensor.ups_monitor_voltage_slope,0.392504960298538,2026-05-06T17:58:42.370Z
sensor.ups_monitor_voltage_slope,0.167342483997345,2026-05-06T17:59:42.374Z
sensor.ups_monitor_voltage_slope,0.021320678293705,2026-05-06T18:00:42.371Z
sensor.ups_monitor_voltage_slope,-0.0735934972763062,2026-05-06T18:01:42.355Z
sensor.ups_monitor_voltage_slope,-0.0475019849836826,2026-05-06T18:02:42.355Z
sensor.ups_monitor_voltage_slope,0.23147951066494,2026-05-06T18:03:42.340Z
sensor.ups_monitor_voltage_slope,0.325031757354736,2026-05-06T18:04:42.344Z
sensor.ups_monitor_voltage_slope,0.0367005467414856,2026-05-06T18:05:42.347Z
sensor.ups_monitor_voltage_slope,-0.151382297277451,2026-05-06T18:06:42.342Z
sensor.ups_monitor_voltage_slope,-0.0983984917402267,2026-05-06T18:07:42.362Z
sensor.ups_monitor_voltage_slope,0.111278638243675,2026-05-06T18:08:42.343Z
sensor.ups_monitor_voltage_slope,0.072331115603447,2026-05-06T18:09:42.370Z
sensor.ups_monitor_voltage_slope,-0.215340584516525,2026-05-06T18:10:42.353Z
sensor.ups_monitor_voltage_slope,0.0352662801742554,2026-05-06T18:11:42.355Z
sensor.ups_monitor_voltage_slope,0.285278886556625,2026-05-06T18:12:42.368Z
sensor.ups_monitor_voltage_slope,-0.252495974302292,2026-05-06T18:13:42.360Z
sensor.ups_monitor_voltage_slope,-0.0766704380512238,2026-05-06T18:14:42.362Z
sensor.ups_monitor_voltage_slope,0.125401869416237,2026-05-06T18:15:42.367Z
sensor.ups_monitor_voltage_slope,0.256081283092499,2026-05-06T18:16:42.369Z
sensor.ups_monitor_voltage_slope,-0.0959029793739319,2026-05-06T18:17:42.363Z
sensor.ups_monitor_voltage_slope,0.112900719046593,2026-05-06T18:18:42.360Z
sensor.ups_monitor_voltage_slope,-0.189304128289223,2026-05-06T18:19:42.366Z
sensor.ups_monitor_voltage_slope,0.052189975976944,2026-05-06T18:20:42.367Z
sensor.ups_monitor_voltage_slope,0.121375419199467,2026-05-06T18:21:42.376Z
sensor.ups_monitor_voltage_slope,0.166012167930603,2026-05-06T18:22:42.375Z
sensor.ups_monitor_voltage_slope,0.108575478196144,2026-05-06T18:23:42.375Z
sensor.ups_monitor_voltage_slope,-0.367353200912476,2026-05-06T18:24:42.376Z
sensor.ups_monitor_voltage_slope,-0.413683444261551,2026-05-06T18:25:42.368Z
sensor.ups_monitor_voltage_slope,-0.443798094987869,2026-05-06T18:26:42.383Z
sensor.ups_monitor_voltage_slope,-0.551492094993591,2026-05-06T18:27:42.371Z
sensor.ups_monitor_voltage_slope,unavailable,2026-05-06T18:29:50.981Z
sensor.ups_monitor_voltage_slope,0.427907586097717,2026-05-06T18:29:53.091Z
sensor.ups_monitor_voltage_slope,0.453377574682236,2026-05-06T18:30:42.387Z
sensor.ups_monitor_voltage_slope,0.294027835130692,2026-05-06T18:31:42.391Z
sensor.ups_monitor_voltage_slope,0.191118091344833,2026-05-06T18:32:42.377Z
sensor.ups_monitor_voltage_slope,-0.225580990314484,2026-05-06T18:33:42.379Z
sensor.ups_monitor_voltage_slope,-0.0591756999492645,2026-05-06T18:34:42.382Z
sensor.ups_monitor_voltage_slope,0.399129271507263,2026-05-06T18:35:42.384Z
sensor.ups_monitor_voltage_slope,-0.0903737246990204,2026-05-06T18:36:42.382Z
sensor.ups_monitor_voltage_slope,0.0287090167403221,2026-05-06T18:37:42.401Z
sensor.ups_monitor_voltage_slope,-0.068791076540947,2026-05-06T18:38:42.391Z
sensor.ups_monitor_voltage_slope,-0.0447141975164413,2026-05-06T18:39:42.392Z
sensor.ups_monitor_voltage_slope,-0.466657698154449,2026-05-06T18:40:42.394Z
sensor.ups_monitor_voltage_slope,0.0464802384376526,2026-05-06T18:41:42.395Z
sensor.ups_monitor_voltage_slope,0.205449804663658,2026-05-06T18:42:42.397Z
sensor.ups_monitor_voltage_slope,0.221328094601631,2026-05-06T18:43:42.417Z
sensor.ups_monitor_voltage_slope,0.405885279178619,2026-05-06T18:44:42.418Z
sensor.ups_monitor_voltage_slope,-0.348671913146973,2026-05-06T18:45:42.421Z
sensor.ups_monitor_voltage_slope,-0.139184802770615,2026-05-06T18:46:42.422Z
sensor.ups_monitor_voltage_slope,-0.00268439948558807,2026-05-06T18:47:42.423Z
sensor.ups_monitor_voltage_slope,-0.00174485961906612,2026-05-06T18:48:42.428Z
sensor.ups_monitor_voltage_slope,0.436125516891479,2026-05-06T18:49:42.435Z
sensor.ups_monitor_voltage_slope,0.0207919776439667,2026-05-06T18:50:42.440Z
sensor.ups_monitor_voltage_slope,0.188752442598343,2026-05-06T18:51:42.448Z
sensor.ups_monitor_voltage_slope,0.0355709344148636,2026-05-06T18:52:42.434Z
sensor.ups_monitor_voltage_slope,-0.239568486809731,2026-05-06T18:53:42.431Z
sensor.ups_monitor_voltage_slope,0.0188505798578262,2026-05-06T18:54:42.418Z
sensor.ups_monitor_voltage_slope,0.362060606479645,2026-05-06T18:55:42.427Z
sensor.ups_monitor_voltage_slope,-0.0270164161920547,2026-05-06T18:56:42.422Z
sensor.ups_monitor_voltage_slope,0.0702250525355339,2026-05-06T18:57:42.406Z
sensor.ups_monitor_voltage_slope,-0.304161459207535,2026-05-06T18:58:42.407Z
sensor.ups_monitor_voltage_slope,-0.0224672853946686,2026-05-06T18:59:42.419Z
sensor.ups_monitor_voltage_slope,-0.189841389656067,2026-05-06T19:00:42.403Z
sensor.ups_monitor_voltage_slope,0.138625115156174,2026-05-06T19:01:42.408Z
sensor.ups_monitor_voltage_slope,-0.0844637602567673,2026-05-06T19:02:42.408Z
sensor.ups_monitor_voltage_slope,-0.23013910651207,2026-05-06T19:03:42.410Z
sensor.ups_monitor_voltage_slope,0.288003027439117,2026-05-06T19:04:42.420Z
sensor.ups_monitor_voltage_slope,0.187201961874962,2026-05-06T19:05:42.412Z
sensor.ups_monitor_voltage_slope,0.209133207798004,2026-05-06T19:06:42.426Z
sensor.ups_monitor_voltage_slope,-0.213871166110039,2026-05-06T19:07:42.412Z
sensor.ups_monitor_voltage_slope,-0.314253926277161,2026-05-06T19:08:42.426Z
sensor.ups_monitor_voltage_slope,0.408566057682037,2026-05-06T19:09:42.426Z
sensor.ups_monitor_voltage_slope,-0.697404742240906,2026-05-06T19:10:42.412Z
sensor.ups_monitor_voltage_slope,-0.103171527385712,2026-05-06T19:11:42.427Z
sensor.ups_monitor_voltage_slope,-0.0670614913105965,2026-05-06T19:12:42.429Z
sensor.ups_monitor_voltage_slope,0.131647691130638,2026-05-06T19:13:42.420Z
sensor.ups_monitor_voltage_slope,0.610616385936737,2026-05-06T19:14:42.434Z
sensor.ups_monitor_voltage_slope,-0.128144770860672,2026-05-06T19:15:42.435Z
sensor.ups_monitor_voltage_slope,0.266513645648956,2026-05-06T19:16:42.427Z
sensor.ups_monitor_voltage_slope,-0.00133621692657471,2026-05-06T19:17:42.428Z
sensor.ups_monitor_voltage_slope,0.261487275362015,2026-05-06T19:18:42.427Z
sensor.ups_monitor_voltage_slope,0.0821810066699982,2026-05-06T19:19:42.442Z
sensor.ups_monitor_voltage_slope,0.141203373670578,2026-05-06T19:20:42.440Z
sensor.ups_monitor_voltage_slope,0.0911146178841591,2026-05-06T19:21:42.428Z
sensor.ups_monitor_voltage_slope,-0.11534558236599,2026-05-06T19:22:42.438Z
sensor.ups_monitor_voltage_slope,-0.337330430746078,2026-05-06T19:23:42.436Z
sensor.ups_monitor_voltage_slope,-0.0440271198749542,2026-05-06T19:24:42.446Z
sensor.ups_monitor_voltage_slope,0.0588343068957329,2026-05-06T19:25:42.438Z
sensor.ups_monitor_voltage_slope,0.212478592991829,2026-05-06T19:26:42.440Z
sensor.ups_monitor_voltage_slope,0.0509929358959198,2026-05-06T19:27:42.452Z
sensor.ups_monitor_voltage_slope,-0.316662341356277,2026-05-06T19:28:42.453Z
sensor.ups_monitor_voltage_slope,-0.0312604308128357,2026-05-06T19:29:42.452Z
sensor.ups_monitor_voltage_slope,-0.19488936662674,2026-05-06T19:30:42.438Z
sensor.ups_monitor_voltage_slope,0.48581925034523,2026-05-06T19:31:42.455Z
sensor.ups_monitor_voltage_slope,0.053092896938324,2026-05-06T19:32:42.449Z
sensor.ups_monitor_voltage_slope,-0.402749300003052,2026-05-06T19:33:42.438Z
sensor.ups_monitor_voltage_slope,0.000234991312026978,2026-05-06T19:34:42.436Z
sensor.ups_monitor_voltage_slope,0.088272251188755,2026-05-06T19:35:42.450Z
sensor.ups_monitor_voltage_slope,0.144495114684105,2026-05-06T19:36:42.449Z
sensor.ups_monitor_voltage_slope,-0.0806482657790184,2026-05-06T19:37:42.451Z
sensor.ups_monitor_voltage_slope,-0.227659031748772,2026-05-06T19:38:42.439Z
sensor.ups_monitor_voltage_slope,0.0265917181968689,2026-05-06T19:39:42.443Z
sensor.ups_monitor_voltage_slope,0.542330026626587,2026-05-06T19:40:42.445Z
sensor.ups_monitor_voltage_slope,-0.434552907943726,2026-05-06T19:41:42.455Z
sensor.ups_monitor_voltage_slope,0.242586016654968,2026-05-06T19:42:42.458Z
sensor.ups_monitor_voltage_slope,0.0698951780796051,2026-05-06T19:43:42.446Z
sensor.ups_monitor_voltage_slope,0.0454318635165691,2026-05-06T19:44:42.440Z
sensor.ups_monitor_voltage_slope,-0.0579212233424187,2026-05-06T19:45:42.462Z
sensor.ups_monitor_voltage_slope,0.0498031415045261,2026-05-06T19:46:42.459Z
sensor.ups_monitor_voltage_slope,0.120157763361931,2026-05-06T19:47:42.448Z
sensor.ups_monitor_voltage_slope,0.0781025439500809,2026-05-06T19:48:42.448Z
sensor.ups_monitor_voltage_slope,-0.299041092395782,2026-05-06T19:49:42.460Z
sensor.ups_monitor_voltage_slope,0.155431032180786,2026-05-06T19:50:42.453Z
sensor.ups_monitor_voltage_slope,-0.161325633525848,2026-05-06T19:51:42.461Z
sensor.ups_monitor_voltage_slope,0.332064241170883,2026-05-06T19:52:42.456Z
sensor.ups_monitor_voltage_slope,-0.483773708343506,2026-05-06T19:53:42.462Z
sensor.ups_monitor_voltage_slope,0.21059250831604,2026-05-06T19:54:42.478Z
sensor.ups_monitor_voltage_slope,0.136885121464729,2026-05-06T19:55:42.467Z
sensor.ups_monitor_voltage_slope,0.263545393943787,2026-05-06T19:56:42.464Z
sensor.ups_monitor_voltage_slope,-0.353073328733444,2026-05-06T19:57:42.466Z
sensor.ups_monitor_voltage_slope,0.120310083031654,2026-05-06T19:58:42.460Z
sensor.ups_monitor_voltage_slope,0.0782015547156334,2026-05-06T19:59:42.462Z
sensor.ups_monitor_voltage_slope,-0.211524799466133,2026-05-06T20:00:42.461Z
sensor.ups_monitor_voltage_slope,0.212316617369652,2026-05-06T20:01:42.466Z
sensor.ups_monitor_voltage_slope,0.137338221073151,2026-05-06T20:02:42.462Z
sensor.ups_monitor_voltage_slope,-0.0853002443909645,2026-05-06T20:03:42.466Z
sensor.ups_monitor_voltage_slope,-0.0554451569914818,2026-05-06T20:04:42.466Z
sensor.ups_monitor_voltage_slope,0.139198303222656,2026-05-06T20:05:42.469Z
sensor.ups_monitor_voltage_slope,-0.0847587585449219,2026-05-06T20:06:42.479Z
sensor.ups_monitor_voltage_slope,0.120144464075565,2026-05-06T20:07:42.469Z
sensor.ups_monitor_voltage_slope,-0.184261903166771,2026-05-06T20:08:42.479Z
sensor.ups_monitor_voltage_slope,-0.294674098491669,2026-05-06T20:09:42.472Z
sensor.ups_monitor_voltage_slope,0.0711514353752136,2026-05-06T20:10:42.480Z
sensor.ups_monitor_voltage_slope,0.0455808602273464,2026-05-06T20:11:42.498Z
sensor.ups_monitor_voltage_slope,0.292317152023315,2026-05-06T20:12:42.488Z
sensor.ups_monitor_voltage_slope,-0.0726834535598755,2026-05-06T20:13:42.496Z
sensor.ups_monitor_voltage_slope,0.127993404865265,2026-05-06T20:14:42.501Z
sensor.ups_monitor_voltage_slope,-0.179493874311447,2026-05-06T20:15:42.510Z
sensor.ups_monitor_voltage_slope,0.233470514416695,2026-05-06T20:16:42.515Z
sensor.ups_monitor_voltage_slope,0.238873973488808,2026-05-06T20:17:42.413Z
sensor.ups_monitor_voltage_slope,-0.281991600990295,2026-05-06T20:18:42.413Z
sensor.ups_monitor_voltage_slope,0.253965139389038,2026-05-06T20:19:42.427Z
sensor.ups_monitor_voltage_slope,-0.359300494194031,2026-05-06T20:20:42.440Z
sensor.ups_monitor_voltage_slope,-0.496234893798828,2026-05-06T20:21:42.440Z
sensor.ups_monitor_voltage_slope,0.377062797546387,2026-05-06T20:22:42.446Z
sensor.ups_monitor_voltage_slope,0.245090812444687,2026-05-06T20:23:42.451Z
sensor.ups_monitor_voltage_slope,0.246760964393616,2026-05-06T20:24:42.458Z
sensor.ups_monitor_voltage_slope,-0.0148430317640305,2026-05-06T20:25:42.471Z
sensor.ups_monitor_voltage_slope,0.165589690208435,2026-05-06T20:26:42.478Z
sensor.ups_monitor_voltage_slope,0.0205151438713074,2026-05-06T20:27:42.479Z
sensor.ups_monitor_voltage_slope,0.0133348433300853,2026-05-06T20:28:42.492Z
sensor.ups_monitor_voltage_slope,0.00833386182785034,2026-05-06T20:29:42.497Z
sensor.ups_monitor_voltage_slope,-0.5189608335495,2026-05-06T20:30:42.499Z
sensor.ups_monitor_voltage_slope,0.187053292989731,2026-05-06T20:31:42.501Z
sensor.ups_monitor_voltage_slope,-0.0529854446649551,2026-05-06T20:32:42.501Z
sensor.ups_monitor_voltage_slope,0.315367192029953,2026-05-06T20:33:42.498Z
sensor.ups_monitor_voltage_slope,0.0297510176897049,2026-05-06T20:34:42.498Z
sensor.ups_monitor_voltage_slope,0.106790095567703,2026-05-06T20:35:42.513Z
sensor.ups_monitor_voltage_slope,-0.0177045911550522,2026-05-06T20:36:42.504Z
sensor.ups_monitor_voltage_slope,-0.711457252502441,2026-05-06T20:37:42.515Z
sensor.ups_monitor_voltage_slope,0.150050133466721,2026-05-06T20:38:42.516Z
sensor.ups_monitor_voltage_slope,0.0100806504487991,2026-05-06T20:39:42.514Z
sensor.ups_monitor_voltage_slope,0.00655242241919041,2026-05-06T20:40:42.521Z
sensor.ups_monitor_voltage_slope,-0.083526648581028,2026-05-06T20:41:42.509Z
sensor.ups_monitor_voltage_slope,-0.404100060462952,2026-05-06T20:42:42.521Z
sensor.ups_monitor_voltage_slope,0.0878102779388428,2026-05-06T20:43:42.510Z
sensor.ups_monitor_voltage_slope,0.0564091056585312,2026-05-06T20:44:42.526Z
sensor.ups_monitor_voltage_slope,0.124451637268066,2026-05-06T20:45:42.523Z
sensor.ups_monitor_voltage_slope,0.168345496058464,2026-05-06T20:46:42.524Z
sensor.ups_monitor_voltage_slope,-0.153265029191971,2026-05-06T20:47:42.518Z
sensor.ups_monitor_voltage_slope,-0.0121703296899796,2026-05-06T20:48:42.524Z
sensor.ups_monitor_voltage_slope,0.429682731628418,2026-05-06T20:49:42.526Z
sensor.ups_monitor_voltage_slope,-0.158299684524536,2026-05-06T20:50:42.525Z
sensor.ups_monitor_voltage_slope,-0.19001293182373,2026-05-06T20:51:42.515Z
sensor.ups_monitor_voltage_slope,-0.123508401215076,2026-05-06T20:52:42.542Z
sensor.ups_monitor_voltage_slope,0.00683768838644028,2026-05-06T20:53:42.526Z
sensor.ups_monitor_voltage_slope,0.0922302156686783,2026-05-06T20:54:42.542Z
sensor.ups_monitor_voltage_slope,0.147401571273804,2026-05-06T20:55:42.546Z
sensor.ups_monitor_voltage_slope,0.0958110168576241,2026-05-06T20:56:42.530Z
sensor.ups_monitor_voltage_slope,-0.112960502505302,2026-05-06T20:57:42.532Z
sensor.ups_monitor_voltage_slope,0.0143613964319229,2026-05-06T20:58:42.531Z
sensor.ups_monitor_voltage_slope,-0.0784508138895035,2026-05-06T20:59:42.532Z
sensor.ups_monitor_voltage_slope,0.124244630336761,2026-05-06T21:00:42.532Z
sensor.ups_monitor_voltage_slope,-0.094478651881218,2026-05-06T21:01:42.535Z
sensor.ups_monitor_voltage_slope,0.0263746008276939,2026-05-06T21:02:42.538Z
sensor.ups_monitor_voltage_slope,0.279165506362915,2026-05-06T21:03:42.558Z
sensor.ups_monitor_voltage_slope,-0.51815789937973,2026-05-06T21:04:42.566Z
sensor.ups_monitor_voltage_slope,0.275360912084579,2026-05-06T21:05:42.548Z
sensor.ups_monitor_voltage_slope,-0.0833712220191956,2026-05-06T21:06:42.561Z
sensor.ups_monitor_voltage_slope,-0.141309440135956,2026-05-06T21:07:42.564Z
sensor.ups_monitor_voltage_slope,0.257956624031067,2026-05-06T21:08:42.569Z
sensor.ups_monitor_voltage_slope,0.342575669288635,2026-05-06T21:09:42.567Z
sensor.ups_monitor_voltage_slope,-0.127133563160896,2026-05-06T21:10:42.572Z
sensor.ups_monitor_voltage_slope,0.00481512397527695,2026-05-06T21:11:42.571Z
sensor.ups_monitor_voltage_slope,0.177699908614159,2026-05-06T21:12:42.555Z
sensor.ups_monitor_voltage_slope,-0.14651708304882,2026-05-06T21:13:42.560Z
sensor.ups_monitor_voltage_slope,0.166785925626755,2026-05-06T21:14:42.562Z
sensor.ups_monitor_voltage_slope,-0.0661592334508896,2026-05-06T21:15:42.561Z
sensor.ups_monitor_voltage_slope,0.0441146492958069,2026-05-06T21:16:42.562Z
sensor.ups_monitor_voltage_slope,0.203912168741226,2026-05-06T21:17:42.561Z
sensor.ups_monitor_voltage_slope,-0.392168700695038,2026-05-06T21:18:42.564Z
sensor.ups_monitor_voltage_slope,-0.0800057649612427,2026-05-06T21:19:42.580Z
sensor.ups_monitor_voltage_slope,0.0347806178033352,2026-05-06T21:20:42.585Z
sensor.ups_monitor_voltage_slope,-0.0641769617795944,2026-05-06T21:21:42.583Z
sensor.ups_monitor_voltage_slope,-0.0417150221765041,2026-05-06T21:22:42.573Z
sensor.ups_monitor_voltage_slope,-0.0271147638559341,2026-05-06T21:23:42.573Z
sensor.ups_monitor_voltage_slope,-0.0176245961338282,2026-05-06T21:24:42.573Z
sensor.ups_monitor_voltage_slope,0.0759959518909454,2026-05-06T21:25:42.573Z
sensor.ups_monitor_voltage_slope,-0.213292226195335,2026-05-06T21:26:42.574Z
sensor.ups_monitor_voltage_slope,-0.40099573135376,2026-05-06T21:27:42.577Z
sensor.ups_monitor_voltage_slope,0.614205956459045,2026-05-06T21:28:42.578Z
sensor.ups_monitor_voltage_slope,-0.213263481855392,2026-05-06T21:29:42.578Z
sensor.ups_monitor_voltage_slope,-0.0511693209409714,2026-05-06T21:30:42.594Z
sensor.ups_monitor_voltage_slope,-0.383067786693573,2026-05-06T21:31:42.596Z
sensor.ups_monitor_voltage_slope,0.450621426105499,2026-05-06T21:32:42.588Z
sensor.ups_monitor_voltage_slope,0.118333846330643,2026-05-06T21:33:42.589Z
sensor.ups_monitor_voltage_slope,-0.0105349346995354,2026-05-06T21:34:42.597Z
sensor.ups_monitor_voltage_slope,-0.0068477070890367,2026-05-06T21:35:42.588Z
sensor.ups_monitor_voltage_slope,0.170119076967239,2026-05-06T21:36:42.601Z
sensor.ups_monitor_voltage_slope,0.0234592482447624,2026-05-06T21:37:42.598Z
sensor.ups_monitor_voltage_slope,0.102366656064987,2026-05-06T21:38:42.593Z
sensor.ups_monitor_voltage_slope,-0.370387554168701,2026-05-06T21:39:42.596Z
sensor.ups_monitor_voltage_slope,-0.591227233409882,2026-05-06T21:40:42.604Z
sensor.ups_monitor_voltage_slope,0.315985351800919,2026-05-06T21:41:42.595Z
sensor.ups_monitor_voltage_slope,0.2047228962183,2026-05-06T21:42:42.598Z
sensor.ups_monitor_voltage_slope,0.396093249320984,2026-05-06T21:43:42.610Z
sensor.ups_monitor_voltage_slope,-0.00489521026611328,2026-05-06T21:44:42.594Z
sensor.ups_monitor_voltage_slope,-0.0031818866264075,2026-05-06T21:45:42.613Z
sensor.ups_monitor_voltage_slope,-0.00206822622567415,2026-05-06T21:46:42.603Z
sensor.ups_monitor_voltage_slope,-0.0887962803244591,2026-05-06T21:47:42.617Z
sensor.ups_monitor_voltage_slope,-0.407525330781937,2026-05-06T21:48:42.607Z
sensor.ups_monitor_voltage_slope,0.0849162936210632,2026-05-06T21:49:42.609Z
sensor.ups_monitor_voltage_slope,0.141979947686195,2026-05-06T21:50:42.613Z
sensor.ups_monitor_voltage_slope,-0.0822831243276596,2026-05-06T21:51:42.613Z
sensor.ups_monitor_voltage_slope,-0.0534840300679207,2026-05-06T21:52:42.622Z
sensor.ups_monitor_voltage_slope,0.053021103143692,2026-05-06T21:53:42.622Z
sensor.ups_monitor_voltage_slope,0.121248081326485,2026-05-06T21:54:42.632Z
sensor.ups_monitor_voltage_slope,-0.0957588329911232,2026-05-06T21:55:42.619Z
sensor.ups_monitor_voltage_slope,-0.0622432380914688,2026-05-06T21:56:42.618Z
sensor.ups_monitor_voltage_slope,0.222231492400169,2026-05-06T21:57:42.656Z
sensor.ups_monitor_voltage_slope,0.056998535990715,2026-05-06T21:58:42.629Z
sensor.ups_monitor_voltage_slope,-0.0504028871655464,2026-05-06T21:59:42.618Z
sensor.ups_monitor_voltage_slope,0.229260146617889,2026-05-06T22:00:42.632Z
sensor.ups_monitor_voltage_slope,0.0619009435176849,2026-05-06T22:01:42.631Z
sensor.ups_monitor_voltage_slope,0.127353757619858,2026-05-06T22:02:42.630Z
sensor.ups_monitor_voltage_slope,-0.00467199832201004,2026-05-06T22:03:42.620Z
sensor.ups_monitor_voltage_slope,-0.00303679890930653,2026-05-06T22:04:42.632Z
sensor.ups_monitor_voltage_slope,0.0854780152440071,2026-05-06T22:05:42.639Z
sensor.ups_monitor_voltage_slope,-0.0315574407577515,2026-05-06T22:06:42.641Z
sensor.ups_monitor_voltage_slope,0.154391527175903,2026-05-06T22:07:42.641Z
sensor.ups_monitor_voltage_slope,-0.162001311779022,2026-05-06T22:08:42.633Z
sensor.ups_monitor_voltage_slope,-0.542560517787933,2026-05-06T22:09:42.645Z
sensor.ups_monitor_voltage_slope,0.0845953524112701,2026-05-06T22:10:42.659Z
sensor.ups_monitor_voltage_slope,-0.294820755720139,2026-05-06T22:11:42.661Z
sensor.ups_monitor_voltage_slope,0.0707223266363144,2026-05-06T22:12:42.652Z
sensor.ups_monitor_voltage_slope,0.220539599657059,2026-05-06T22:13:42.671Z
sensor.ups_monitor_voltage_slope,0.143684521317482,2026-05-06T22:14:42.665Z
sensor.ups_monitor_voltage_slope,-0.0815089344978333,2026-05-06T22:15:42.667Z
sensor.ups_monitor_voltage_slope,0.209041208028793,2026-05-06T22:16:42.661Z
sensor.ups_monitor_voltage_slope,0.135876774787903,2026-05-06T22:17:42.662Z
sensor.ups_monitor_voltage_slope,0.0889874696731567,2026-05-06T22:18:42.666Z
sensor.ups_monitor_voltage_slope,-0.292633473873138,2026-05-06T22:19:42.676Z
sensor.ups_monitor_voltage_slope,-0.0156416743993759,2026-05-06T22:20:42.681Z
sensor.ups_monitor_voltage_slope,0.0776186287403107,2026-05-06T22:21:42.681Z
sensor.ups_monitor_voltage_slope,0.0507858917117119,2026-05-06T22:22:42.672Z
sensor.ups_monitor_voltage_slope,-0.0544411055743694,2026-05-06T22:23:42.687Z
sensor.ups_monitor_voltage_slope,0.139850944280624,2026-05-06T22:24:42.691Z
sensor.ups_monitor_voltage_slope,-0.0843345448374748,2026-05-06T22:25:42.691Z
sensor.ups_monitor_voltage_slope,0.294990301132202,2026-05-06T22:26:42.692Z
sensor.ups_monitor_voltage_slope,-0.420753657817841,2026-05-06T22:27:42.691Z
sensor.ups_monitor_voltage_slope,-0.0982522070407867,2026-05-06T22:28:42.693Z
sensor.ups_monitor_voltage_slope,0.0229204297065735,2026-05-06T22:29:42.684Z
sensor.ups_monitor_voltage_slope,0.102683998644352,2026-05-06T22:30:42.698Z
sensor.ups_monitor_voltage_slope,-0.0203735530376434,2026-05-06T22:31:42.701Z
sensor.ups_monitor_voltage_slope,-0.0132428091019392,2026-05-06T22:32:42.701Z
sensor.ups_monitor_voltage_slope,0.166629835963249,2026-05-06T22:33:42.692Z
sensor.ups_monitor_voltage_slope,0.28287947177887,2026-05-06T22:34:42.707Z
sensor.ups_monitor_voltage_slope,-0.428625673055649,2026-05-06T22:35:42.694Z
sensor.ups_monitor_voltage_slope,-0.453176766633987,2026-05-06T22:36:42.707Z
sensor.ups_monitor_voltage_slope,0.0552428662776947,2026-05-06T22:37:42.691Z
sensor.ups_monitor_voltage_slope,0.38571560382843,2026-05-06T22:38:42.711Z
sensor.ups_monitor_voltage_slope,-0.186878323554993,2026-05-06T22:39:42.700Z
sensor.ups_monitor_voltage_slope,0.0537667497992516,2026-05-06T22:40:42.723Z
sensor.ups_monitor_voltage_slope,0.297304183244705,2026-05-06T22:41:42.712Z
sensor.ups_monitor_voltage_slope,0.105461984872818,2026-05-06T22:42:42.703Z
sensor.ups_monitor_voltage_slope,-0.0185678601264954,2026-05-06T22:43:42.716Z
sensor.ups_monitor_voltage_slope,-0.0124028949066997,2026-05-06T22:44:42.726Z
sensor.ups_monitor_voltage_slope,-0.0951800271868706,2026-05-06T22:45:42.707Z
